x,y,word
48.44553,8.6744375,logon
-23.3509,24.506369,afraid
23.629974,5.3413625,british
24.650797,28.64516,ticket
-9.90033,-14.0868635,frosti
5.4663076,10.205328,sez
14.458078,8.446747,wast
14.929646,14.671823,sept
22.376232,31.75323,breezi
-11.891642,10.764106,zed
51.60652,8.446941,paid
19.79538,-0.6336382,unkempt
-12.418599,2.7576802,oso
-20.190351,12.24713,stopc
22.509398,26.80172,year
-5.9564285,-6.2608404,txtstar
35.130466,-23.635166,trivia
10.456476,-34.688446,jetton
33.0053,-20.870186,stchoic
-53.64853,-8.1547365,slo
-32.493496,-6.2925487,chick
-6.924862,22.059177,adam
-67.03054,-1.0929879,side
34.972626,-21.050518,stoptxt
49.244884,1.3631319,unlock
-47.85875,19.144596,intro
19.286898,26.44771,ladi
6.4951243,-12.173389,rcv
-3.0932758,-40.62948,lock
6.42975,24.43691,croydon
-39.815136,37.071625,wait
5.560233,11.843601,rwm
6.467634,-15.039985,mtmsg
52.75355,-10.653789,deliveri
14.434357,-31.087198,burden
29.074476,-6.9466825,callertun
10.368756,15.255762,girl
-38.342197,-12.679383,yi
23.031696,10.250058,guess
48.475285,-5.0560064,empti
53.736534,5.309692,cool
1.6126362,12.691762,import
-10.863721,27.965828,csc
10.200045,15.434185,smith
23.030739,-25.4652,vikki
-28.975573,1.8886325,thu
-4.7588396,-8.430351,nice
-39.856804,24.02627,ish
-49.644028,10.780179,style
3.7663074,-34.438366,phoni
-21.370377,-23.188086,shoul
55.68324,-3.9023726,exclus
24.584219,14.808054,forget
38.01532,14.39121,petey
-50.31546,-13.200723,ppmpobox
-55.206287,1.9987631,subsequ
23.45474,30.178814,saw
-3.774786,8.263312,txtno
29.041773,25.126566,previou
-24.33049,3.0191374,hont
-1.8167236,-13.393074,clubsaisai
-37.58171,-9.171571,xchat
-2.8024337,-38.54113,canari
-8.441806,16.478163,siva
8.44593,-39.21066,oyster
-15.279712,23.560936,problem
-59.262505,0.8715713,karnan
45.144714,-2.334631,arsen
9.655192,-7.541234,postal
3.8906014,-17.163187,netun
27.491428,2.9906158,huai
-5.4286904,4.307018,watch
12.026263,6.0013094,gd
-21.972265,-25.334179,winner
-2.8252587,-5.0740013,plyr
18.160973,-28.35615,mg
-17.029934,6.4195595,messag
17.795979,3.758134,tortur
69.84469,-5.272399,log
13.476142,-18.29078,profession
-68.74437,-2.6589067,sonetim
9.348063,-21.271894,filth
6.1840196,40.54795,survey
-9.004651,-13.131703,trebl
45.370308,-24.421574,email
8.26659,5.5832415,stori
8.350355,-8.844775,sirji
-59.454346,-4.2359786,hunk
51.415337,-6.218955,peopl
9.40437,24.201748,backward
-8.490499,-20.56387,pilat
-10.315051,15.874434,inclus
-24.85076,-19.13898,panalam
14.168193,-22.42436,adp
19.538717,-38.81817,racal
13.685154,-11.382585,stdtxtrate
-21.001688,5.0170417,porn
46.448727,0.4764201,start
-26.582142,5.889643,comprehens
-18.184874,21.810898,coincid
63.228592,-1.8513662,coulda
16.738281,-38.225063,captain
-1.3279523,-31.735247,wiv
35.126186,20.667318,right
44.02746,7.985644,identifi
10.924691,38.024395,flat
-28.8984,-27.961906,dream
-10.877496,43.50474,culdnt
33.3079,8.190411,iknow
-25.304832,24.455082,abil
-46.718315,-9.319965,boob
34.180637,10.419889,aldrin
-6.6396346,-46.791294,speak
-1.7106757,-21.581686,wrc
18.236126,-25.082182,kit
67.72772,-2.6042774,restock
16.699713,-1.4484195,kingdom
-6.143708,-32.269573,tmr
-35.189777,1.5665975,chip
26.35442,-19.002058,trackmarqu
1.2858068,15.218826,sm
9.35638,18.730518,misundrstud
70.211075,-5.743415,xxxx
8.127268,-5.103656,funki
-10.941979,9.496397,nok
9.480528,8.8405485,fa
-15.428964,-17.381613,carlin
18.585108,10.69795,ppm
-27.410877,25.46673,claimcod
-33.79542,30.377476,squat
19.726091,-23.260239,life
-3.6365407,16.747505,icic
4.363509,-32.241005,orchard
2.1274266,-22.693933,exp
7.508513,41.200813,qjkgighjjgcbl
36.206543,26.832668,jock
3.0193915,-30.216518,mquiz
-7.6549864,-15.196793,volunt
-53.83923,-10.577263,turn
18.705376,31.075573,hmmross
-31.206688,-2.4269748,til
-39.723793,28.536516,month
-12.035123,10.68591,goin
55.987442,4.232889,govt
-17.870792,0.68452585,steamboat
-28.208054,-18.321762,callcost
60.886494,-3.1721761,proze
-14.502753,-18.795048,champney
23.638672,27.695652,bridal
33.290035,8.161238,comp
12.278647,-3.1829364,closet
-5.3069572,-11.249936,http
3.4307876,-13.601903,honeybe
1.0161158,14.388021,repli
-24.724886,27.172169,admir
-27.747179,5.3617854,banneduk
61.72112,-7.5368075,bf
-27.210543,17.334898,hf
-8.728743,34.759155,kb
18.912031,5.5056615,erm
33.370846,7.5811315,mobileupd
1.5462602,-7.602437,age
15.600155,-16.314093,draw
66.822174,0.26953366,modul
42.587368,28.972126,doin
-63.28797,0.40545252,fraudul
-34.252827,19.252956,ur
16.988901,-17.16982,sad
40.465008,2.6571634,belt
-60.16079,-2.5128503,amp
-47.904568,-1.4896894,station
-5.9229136,-33.84769,ad
-34.68414,-24.95939,noi
6.0629077,23.847555,advis
40.056034,7.8317294,xy
11.436918,-8.85872,honey
-22.667114,-0.055250447,fl
4.0687127,-3.6172314,vpod
35.872925,10.093405,gving
-35.242264,39.01066,guarante
20.343227,-16.093393,hu
27.20176,-21.10115,ass
25.612331,12.728385,nat
15.013089,-17.571804,rental
8.07693,0.33236304,oncal
-1.2431769,2.9864247,would
16.968836,-9.994295,possibl
1.9017668,2.6618004,past
-38.061428,16.424751,feelin
14.3102865,42.018852,goodnight
0.9716374,-1.6058679,unbreak
-2.4941802,-4.9692287,blackberri
-12.414243,5.323266,gentli
20.359592,24.868914,lookatm
-24.543812,5.027312,stock
22.24372,29.26126,award
-62.426453,-3.2108438,alrit
51.06406,-3.5021904,widel
48.528004,-4.996772,mom
40.73874,-17.240444,bluetooth
-40.82072,22.045559,could
-49.7981,-9.048513,isaiah
33.257294,-17.613646,leg
-9.414485,14.583805,santacal
6.356426,17.476297,wine
61.696053,-9.102853,star
34.898483,20.739882,medic
-18.952486,-43.67257,gotta
-58.83058,-8.6094885,txt
-26.503479,16.071247,bud
-56.934532,-3.671047,gay
-11.712665,24.899746,popcorn
-19.5542,-24.91498,techstor
-22.06492,32.086327,insha
24.574371,6.791636,gamb
11.283674,-4.7047906,sister
-17.200499,2.433573,costa
-17.047203,-5.544051,regard
61.768326,-2.4294834,cud
-0.72951674,-0.9845436,woul
-13.242308,26.938856,sigh
27.29497,-35.28757,walk
44.82329,2.8951006,cnupdat
7.422794,-32.517006,kalli
1.4902996,12.90174,studi
-52.130424,-4.9575105,untam
-21.81882,18.625006,uve
-29.131945,-5.4484577,leh
1.8333935,-39.415882,step
-31.126879,23.347277,rr
-20.62155,2.9825695,list
9.693688,-45.05608,fwd
-16.382006,-8.925454,freephon
1.6063197,18.911455,b
-27.42329,-33.566814,expert
-9.798995,-39.2618,dun
-4.3417516,13.695177,thousand
26.87769,-26.370937,tooth
1.3892443,-8.954582,traffic
11.402508,-11.212512,breakin
62.703533,-3.8174028,wonder
-34.088665,-2.0796978,hour
21.486856,-3.816511,snappi
64.118225,-3.5782406,th
14.320824,-26.980679,ach
38.487335,-17.423594,group
-18.487946,-20.500326,treat
-26.121887,-8.82501,said
34.89188,-33.10517,sweet
43.40575,6.0950847,penc
31.530823,-0.9547653,pete
6.276209,-26.335629,hor
22.157017,22.914053,chinatown
-57.679817,-2.9562852,wnt
-22.447886,19.559282,er
-59.368988,2.9380968,entitl
-29.417908,-1.185435,outsid
9.552162,-19.749763,sic
-12.907324,6.1673126,wake
-12.277828,0.31454402,aint
21.352566,-40.763283,declutt
-6.919854,-16.356396,uniqu
-14.083266,-1.445286,prin
26.969576,-13.3093195,room
32.596226,5.3770666,hlday
-4.60343,-20.483507,jacket
5.5784993,9.382698,upto
4.292093,34.91393,callfreefon
11.444204,-15.24619,offici
-43.51485,22.151262,lov
13.976878,-31.638372,wkend
30.505232,7.856107,electr
12.026592,-16.72659,bore
8.280114,17.106287,kick
-36.564808,10.685805,haircut
2.2572832,0.8650383,recpt
-4.115289,-15.321296,izzit
14.069381,-14.431749,sphost
-47.394913,-0.02541523,occupi
-10.589343,-6.854488,monthlysubscript
-15.5460205,-23.85827,browsin
-13.168875,-6.043376,speed
23.558765,6.1262274,min
47.610477,-14.908532,tattoo
16.167477,-5.8152833,ipad
-9.39982,-38.538708,consol
-17.850834,-18.723557,flight
4.1033487,32.341053,crazyin
-28.51159,-2.2827158,snore
19.94477,18.34671,arcad
-17.788958,-2.4948754,terrorist
-41.610466,-19.484226,warn
15.947849,-5.257215,ar
5.284427,-11.049218,joy
44.755627,-3.9768622,gthr
-23.699203,9.706904,mood
-8.732376,28.459911,princ
-21.085121,-8.473086,booti
40.275837,-6.2572556,otherwis
54.027374,-4.6856017,ofsi
-10.601407,5.3430676,someth
-17.512136,-2.304525,issu
-8.972759,-7.914905,onion
9.98912,-6.9132495,get
33.66176,13.464262,event
32.67946,22.020372,goodi
4.068603,13.215303,corvett
-47.13559,12.286847,save
-29.893818,-18.561735,self
-18.703115,-28.099297,gf
-58.029625,-7.1221223,geeee
-12.465336,-1.24986,anyth
56.804867,-3.3532972,web
-9.431255,-11.929302,extrem
-5.3220043,2.990703,knacker
-20.407259,-3.9810941,studdi
-55.59104,-8.265347,abeg
-41.73816,9.348902,mph
-36.105648,0.09989098,evapor
52.304886,-11.522948,juan
19.522385,-39.332077,fantast
-16.183752,32.114597,videochat
1.797714,16.586002,stage
55.41041,-0.84856445,dismissi
-11.714405,-9.794797,cost
13.43709,22.235332,simpli
37.952843,-20.772945,shopnow
24.295303,-23.080976,thing
31.401754,39.182034,expens
59.742126,-6.0945673,refer
35.28955,-23.911118,diet
-35.50726,-7.9823995,panic
43.099087,3.269129,amount
-5.1096506,-39.052677,walkabout
-33.98285,-36.13977,graphic
7.162677,-15.973886,smoke
-19.446112,9.923384,cheesi
-62.488014,-9.183554,coz
-7.838848,-13.795516,ldn
33.64981,-33.74397,superb
50.698215,3.3819392,bluray
43.28758,-0.8664441,ukp
4.512507,22.789724,everyth
-12.314764,-18.083881,lol
11.286068,29.621796,guid
28.768232,-17.122126,cocoa
20.333616,-11.435077,suit
37.408043,-14.405182,lkpobox
-54.37833,-6.998442,hamper
-53.91848,-3.9571245,lap
59.820744,3.8396041,carlo
-11.6775465,20.03951,social
24.856865,-0.6009351,place
9.67553,6.124859,ugadi
16.775402,-38.329357,threw
58.386246,-6.1995897,kinda
18.285202,5.0476165,hi
-9.4158535,-21.03762,skin
15.143885,-11.546609,receivea
37.49073,-19.057667,musicmix
-33.20194,6.621519,westlif
-10.173294,15.904805,aliv
-5.300558,27.255203,sugar
16.185343,-5.651389,ibn
28.955683,-29.887432,jen
39.985397,-10.698576,number
4.480097,8.869689,drop
-32.088165,-6.215085,increment
34.92296,-18.563549,total
37.859707,-3.5512686,jhl
26.262318,-11.034985,emc
14.116088,-31.43632,pen
-2.0825481,-23.48867,ws
17.090607,-25.066744,space
-16.322659,17.283205,wale
14.330245,-23.738256,brother
-21.785532,21.95538,hmm
-17.30331,-29.275518,textpod
4.4971256,-0.44217515,notxt
9.115934,-21.324043,elvi
-32.41494,2.2810197,longer
7.3539433,-13.701,drug
-4.451295,-28.483974,funk
15.895871,33.80951,steal
-0.95925903,-39.468117,post
27.547579,-1.880564,recent
-29.25567,-25.636824,breakfast
18.16212,-1.7372617,dasara
23.708641,24.441175,resolv
-8.208548,3.139823,flood
-55.24934,-6.6634154,reali
-36.687347,-20.710741,hv
7.9611373,9.467629,went
7.574744,-20.55951,villa
-13.373117,-45.90341,mon
-4.534056,-26.399563,practic
-3.0508468,-20.434101,confirm
17.273415,15.008092,busi
64.452995,-5.872613,textand
40.716946,7.013275,distract
0.19520073,-5.019261,concert
-0.9557091,-12.5019,finger
71.59848,-3.525296,day
22.89615,35.985176,check
-27.841316,6.43566,dump
-2.2921848,-24.07938,lapdanc
19.533247,-38.73099,spacebuck
14.733013,21.163261,trek
11.356683,-28.604528,rw
-28.857487,-37.965702,infra
14.427481,30.206684,asther
-17.117525,-5.702945,butther
-1.2558063,8.840403,enough
10.321724,1.2496079,muah
-63.44332,-4.6559787,merememberin
-2.7931025,11.730513,tog
-27.46713,-13.599632,transfer
16.795834,12.03992,toppoli
-50.7419,-6.0268135,dont
-17.920635,-24.026154,probabl
11.87709,8.169883,underdtand
61.355114,-7.084934,holder
7.1855145,5.9264936,pl
8.403997,9.366305,sara
-14.059915,19.966671,hee
-49.237392,8.197851,gari
-33.446342,0.7964612,ate
46.784187,0.87347615,idea
-51.7708,2.2479866,morn
24.695778,16.19765,okay
18.577475,5.6423683,fren
5.6072507,3.2927995,natalja
66.61206,-1.3977573,decemb
-33.423344,-1.884936,everyon
2.4776876,-43.22231,sozi
28.173473,8.522207,band
-30.598152,-26.054615,profit
-3.3175604,32.351624,must
27.916391,-13.713731,gbp
3.3893018,20.892721,electron
-5.9719143,-30.881166,sp
49.887394,-15.9716835,ac
-29.996956,-18.551573,absolutli
1.9691149,35.462605,tomo
11.315579,10.684812,everybodi
-22.442513,-2.521469,dodgey
10.868905,24.851654,upgrad
48.11051,-0.6148574,scroung
-15.647202,1.8249145,clubmobi
-15.470994,-9.585079,tea
32.993023,18.42595,wave
-14.507668,16.058605,tlp
-5.592625,8.3755045,bloomberg
11.015124,-0.31784636,teach
-13.842762,10.046056,heard
10.850834,-23.160746,janx
29.208017,-18.729628,bk
17.211226,3.081265,airport
-25.184137,48.01026,prefer
-8.596498,-31.445183,nyt
56.607563,-1.4858463,suppli
19.899275,-1.0004791,upgrdcentr
-11.223603,-0.64732593,shinco
-24.561415,5.632633,decor
11.096132,20.09207,buy
-40.249565,-13.211551,iam
-51.067875,8.290662,haha
-3.262125,13.631328,miss
-30.240776,5.801369,janinexx
-20.533215,25.837492,gotto
-22.901518,6.971751,password
1.6463859,-41.003803,gigolo
-4.071255,29.346064,childish
-56.604595,3.9160168,tb
-13.115698,-14.35582,rose
8.00027,-3.7141182,anyon
-25.719816,28.689775,face
10.793817,10.323095,chang
-58.20658,3.621857,sam
-19.208475,17.517801,inspir
-34.15542,-17.318455,puriti
58.464645,-7.913787,bike
50.88667,-13.641244,std
-13.687786,10.676024,txting
-5.9393125,20.426218,earth
-5.6071973,14.220416,church
10.410455,2.7580674,tonex
2.6757507,-13.954059,alright
37.9143,-3.328522,sexychat
-57.714035,0.40396518,even
12.9781275,7.0532904,benefit
-58.02459,3.6544478,india
35.698956,-13.058971,near
-23.441383,-22.492687,test
12.8359995,-9.7985735,lovin
51.77336,-1.9951785,tens
-53.278194,-8.711489,housew
33.429943,-18.5904,republ
0.41474745,-21.441809,air
-5.087071,27.692383,detroit
6.990655,23.190863,qxj
-13.732656,-0.9563749,tok
-35.208088,-6.5026927,mm
-13.27688,18.359848,crave
-4.666989,31.590406,swat
-29.561165,4.6447973,nevr
8.0708275,-23.310625,manag
7.997059,24.346796,finish
-9.1364975,17.37109,routin
3.5403907,14.398276,ic
-61.14264,-3.7273386,tcr
-35.47608,-3.4919245,thnk
4.436504,2.735557,entri
36.23336,-20.281143,spider
-61.353245,-6.114722,stand
-1.1412463,-26.341978,simpl
-7.4942193,48.212563,dint
4.8862143,-29.269682,sariyag
-14.5089445,5.361918,eastend
-21.671463,1.2504346,suffici
-1.541622,38.356968,mailbox
-39.27243,-21.33979,devil
-53.154133,2.040741,yer
-4.767715,0.9088093,matur
11.150179,-22.338572,vehicl
4.2990355,-12.18487,yay
-20.711334,4.752607,forev
68.2057,-5.7528377,tlk
28.2922,34.113995,warm
53.95932,-3.7323275,trainner
-42.946697,-13.561616,asshol
1.6206856,-15.527906,serena
24.660578,16.062738,nope
67.875854,-5.882952,youphon
50.13769,4.2800794,genuin
23.057575,24.820509,miracl
25.62648,-16.938215,satisfi
14.958183,24.43016,thur
-4.5897956,4.305066,news
-7.114766,13.220549,explor
-19.678871,7.0223722,heavili
-8.535354,-3.5524843,run
13.378226,-11.976877,othr
5.938739,6.6718593,cinema
3.2615366,28.14408,heart
29.253956,-12.439381,ny
-17.664299,3.4095948,feel
24.50456,0.96110886,poli
-28.110859,34.809937,shortcod
-33.909786,16.499285,glad
34.83805,-33.140312,rice
14.449196,-14.949849,send
-14.543679,45.430603,multi
23.926085,-21.062426,laden
-34.93541,20.23538,vu
-11.431305,11.872755,yar
-7.0796804,24.639452,sk
9.74725,17.037342,ovul
-1.9921044,29.827126,ha
-22.356962,21.818413,secret
4.0283895,12.074897,nigeria
-0.14085779,9.393265,wed
-23.15268,-12.572584,strategi
-42.208767,-7.0048327,cougar
-4.424253,20.02869,chillin
30.614803,33.1378,also
-40.511517,6.80979,sec
14.757845,8.956749,msging
61.12377,-6.5320897,nasti
-60.227364,-8.026017,weddingfriend
-27.23732,23.893005,effect
11.881646,-12.889222,id
22.683872,14.839155,r
-68.99776,-2.6873775,jurong
27.12436,-3.5441148,receiv
14.553404,8.339053,somebodi
-49.579914,-1.5514045,furnitur
-11.083547,-32.34754,arrang
14.4001665,45.774357,particip
-56.600395,-1.5962629,neck
58.1647,0.22698262,rington
20.557598,-10.938419,anthoni
-13.383002,14.708718,buffet
-39.24274,-6.7403946,prod
-60.123135,-1.183177,reason
18.76231,0.06107746,panther
7.3175964,16.45634,stuff
-10.135926,11.078938,adrian
9.53399,-38.47922,login
0.88804483,-40.176304,jame
10.052816,-31.968746,black
-63.26562,-1.6089882,jia
33.212727,-24.990189,mani
-4.5035667,14.099503,show
67.99786,-3.047259,lik
-22.939026,34.087593,italian
-50.121605,-6.7372255,smsreward
41.9689,-2.2188332,thedailydraw
-10.729037,5.299117,noisi
3.6627936,42.315987,cup
-4.747633,0.86794525,suzi
-19.242062,23.193056,fml
-22.513687,-10.922294,noon
5.4505806,-37.83454,orig
-22.371075,8.39788,queri
-22.721724,-0.3214979,sofa
1.056647,-26.386093,via
-59.108555,-4.260887,lor
-19.461494,5.1428494,interflora
53.099434,-3.2006488,cousin
29.61402,28.867496,hottest
68.095474,-5.443281,polyph
-64.922844,-3.931854,rg
-50.267246,3.878218,axel
-1.6649425,38.021744,refresh
-53.73595,10.36626,ranjith
-5.2297864,-14.712072,stoptx
-33.417603,11.358575,doesnt
-55.48994,-0.32920232,logo
-26.41817,9.005526,norm
-19.131628,17.25729,instead
-11.35435,-19.884686,mnth
-27.255087,38.2129,abl
61.12497,-0.50683814,tampa
27.43624,6.4990287,ja
-13.100993,-14.668565,lp
-53.088364,0.30440703,cough
5.60977,9.815035,paint
30.33166,-24.459888,graviti
8.315089,19.863644,unbeliev
38.587044,-24.215574,le
-18.344255,-37.360428,wkli
12.585668,-4.8089285,mad
2.1274865,-13.485037,nydc
13.146398,8.484418,toclaim
-11.106913,17.427408,joke
-5.7488766,5.4415383,rel
-46.929165,27.913631,cr
20.429417,39.642002,gonna
10.583063,-15.640941,cosign
-4.478007,-28.84013,ummmmmaah
-10.045857,-8.309209,v
-11.746447,19.995607,noworriesloan
26.23868,1.0670185,premium
-12.679549,34.200356,cashto
-18.650541,11.729043,due
18.056234,17.107616,today
42.186882,23.84829,perfect
35.234154,-8.946578,fall
62.49823,-6.7795706,sed
-65.645294,-2.8283622,inc
-27.853552,-18.2067,hear
-56.841846,-6.016576,salon
-37.424126,8.443931,bak
-4.2569556,-12.431172,gb
41.96286,1.954804,gent
-7.8189764,-10.068149,hyde
-19.032598,11.172044,ls
46.134277,-8.880216,prompt
5.630537,-11.086563,wing
-49.071598,-17.911573,doubl
-10.039627,39.3281,pay
38.089783,0.6688523,darlin
-18.814255,15.455926,poor
-24.696873,-25.09742,ldew
-21.421812,27.210384,ave
-59.68249,-8.494459,what
0.59613144,16.259272,sn
-10.80256,34.48543,del
1.358001,4.291157,chloe
-0.49420786,-17.438837,concentr
20.109419,8.893603,wither
-9.973965,-1.1496141,hg
-26.47295,-20.007824,servic
-32.429543,12.428494,bubbletext
51.57512,-6.442609,announc
-2.496338,-12.7435665,simpson
21.66696,-21.181667,promis
-34.171417,-4.3459377,lookin
68.41627,-4.763908,gn
-2.6623862,9.366475,twink
12.7832575,39.225178,tf
-22.080439,-6.4626455,moro
-20.742022,4.82684,regalportfolio
-15.70035,31.825499,mtalk
52.56129,2.297436,question
-57.228916,-4.523242,delux
-8.297434,-38.21109,usher
-7.6968994,16.00729,meet
-11.315589,-21.73887,prop
-23.970348,29.829058,etlp
23.505787,27.656437,goldvik
2.7032757,-25.129347,postcod
8.473692,6.2400727,advisor
7.2677965,2.760516,mr
-19.000898,-4.230409,guilti
-19.256046,-9.641099,boo
9.7604265,43.57064,farrel
9.359175,16.747898,hat
-50.580544,-1.205112,qatar
-27.10497,32.524765,jorg
-10.405182,20.596115,toward
13.151974,-25.046576,expect
-29.26666,9.388857,bt
-1.8430408,6.0057,three
-31.659863,15.836071,exam
-9.137338,-17.836962,predict
-27.066929,-15.652695,trav
-35.28716,7.9973855,talk
-2.0459526,19.696665,unusu
-6.436751,31.418743,med
-62.471184,-5.5363083,babygoodby
-17.860228,-31.634607,wan
32.44469,-5.9407754,bb
40.132526,-6.3863177,cha
10.84513,21.650778,iouri
-2.3782203,21.248655,share
-8.906658,-18.692713,posh
-22.23895,-1.9374996,beyond
4.2189617,8.788075,hl
26.5637,9.44872,woken
-10.472762,-6.7610145,address
-8.597632,19.139082,mrt
22.55513,25.11721,although
-5.317073,21.449709,jealou
48.30001,-9.074212,ez
27.03699,31.984808,asap
-4.6395855,-21.327244,spend
-31.524612,27.063122,sitll
18.927254,-27.260565,cheyyamo
3.3752465,-38.098667,like
-4.5293236,-12.61052,warranti
24.453344,1.1651345,drink
7.7776074,-36.110355,isnt
-19.600237,-0.5893409,vat
-2.2778528,-7.270364,pussi
43.421238,-15.943044,bid
45.60974,-21.69224,latest
-5.712493,24.693882,dental
-56.61002,4.5858603,vid
-44.21735,21.388765,refus
1.8917933,-5.9722424,billi
-49.0312,-17.828976,karaok
21.966778,27.370012,huim
-30.372107,-11.56606,promo
14.900554,-0.99429244,dnt
-5.126035,-14.413914,hurri
-8.949921,-24.79478,case
15.736074,30.107515,duvet
-19.691988,-24.751482,itcould
-0.37441808,-2.790054,late
-3.3375778,-3.4252474,mind
20.763542,0.20618626,season
31.438469,-9.200977,wudn
15.017492,-1.5251813,themob
-3.9155648,-30.328403,difficulti
-19.237076,9.996711,activ
-8.309703,-20.399628,quizclub
11.418109,-30.964535,ultim
-30.829792,-10.001385,digit
24.045074,-0.79128784,hero
-9.373038,-1.0994514,eve
29.063133,34.952457,wb
15.056262,14.749414,compar
26.51734,23.141813,member
31.277094,-1.0182811,k
-4.8663874,4.2028513,q
57.790585,-1.2640342,els
-31.261154,15.047318,spook
-21.178272,1.3569801,coimbator
61.43465,2.222873,gap
21.320591,4.9771442,wt
-19.41258,4.946882,ew
9.367885,8.884073,unauthor
-16.267557,11.285059,stroke
4.073284,17.1271,locaxx
56.50849,-7.8488855,upload
-0.42755362,15.204821,make
-40.942146,-8.330107,tomorrow
-5.670791,-16.123886,othrwis
-7.715341,41.799072,accept
1.3424392,-4.6641316,surviv
2.5430005,-9.991111,look
-56.17375,1.4225198,vewi
7.081813,-36.41784,easter
-24.439846,2.4579246,sue
36.1061,-3.083693,may
-16.078426,-32.004784,darkest
60.158813,-8.448685,rpli
-6.504118,9.858646,left
7.1619854,-7.8821955,reset
16.830902,19.369038,project
32.224556,-9.92827,kz
58.1286,-10.877838,dead
-5.080277,-28.46842,dizze
-0.14513534,-27.150291,acl
8.254918,18.378117,ltd
18.23269,-5.606985,dot
-30.933475,7.8945503,piss
-26.981941,2.4768555,duchess
71.81526,-4.840157,amazon
-9.869421,-26.31542,contract
7.2523265,-27.529121,jst
52.215153,2.3346126,ptbo
-15.655479,-6.155961,laid
0.61353207,4.0289807,ident
-20.34684,-43.78342,investig
-11.392251,13.30096,subject
6.2888527,-17.504084,food
-26.870974,-30.674662,x
-19.472178,20.49897,hell
-20.107841,-1.9263918,new
13.465921,18.094637,chrgd
-17.663816,-11.1747875,long
45.477085,-10.063955,alertfrom
31.10337,-2.8966167,person
-16.457602,11.194501,ho
18.259684,6.0580196,svc
56.2169,-6.8958106,deck
11.73308,-46.835705,knew
0.95823497,52.79835,hr
1.1326213,-9.053884,bring
-32.872715,25.02851,xe
6.694707,20.08961,csbcm
-0.7754039,1.7614949,diwali
-3.6570315,16.370707,plan
-13.963612,14.188685,mcfli
10.227088,-4.292946,sura
26.245642,19.983423,cultur
-5.520164,6.3590946,menu
-11.987076,24.818571,ag
5.943827,-2.635258,releas
-28.862953,-46.3147,romant
38.684788,5.043124,flyng
9.552567,-38.510914,soire
14.757871,19.683256,nobodi
35.20058,-10.957854,choic
-2.5787835,-3.0831223,aris
-22.500612,-14.572956,either
-41.493942,-1.3104725,irrit
56.38732,-1.4147539,crisi
1.2034417,-26.249935,sexual
-28.87291,1.054762,bag
-55.373646,6.3582087,ya
57.756668,-7.9987793,noe
2.8052557,28.71088,fill
1.8572783,13.870547,tat
18.998177,13.216744,oki
-23.156578,1.2062405,mobcudb
-28.873396,-11.242496,chariti
4.7841363,-4.7490153,chart
-4.0709248,-1.835321,flip
11.456821,-11.205172,within
30.670036,32.287838,loud
-3.215175,28.572395,friend
59.31343,4.162466,vari
4.9665813,-37.13418,thnq
19.159504,1.9377179,sunni
14.14219,-46.050426,appl
-29.116732,1.8783864,bhaskar
59.209076,-1.60885,tissco
-19.104464,-30.34382,later
-49.32592,9.831943,freak
-17.60097,-15.059307,feb
-3.9043121,29.515236,polyh
-3.1485693,23.34732,spanish
-15.8362665,-15.045653,whose
2.6394413,3.2581587,sponsor
31.417223,29.578354,famili
14.701874,31.472263,sign
37.92078,3.412439,head
25.582808,15.641572,prolli
47.97894,16.449099,gete
68.05695,-8.013819,inning
5.519947,-20.18286,diall
1.2806399,-7.2336893,say
23.190397,21.60234,havin
41.892838,-10.800852,pandi
-8.406993,0.3534094,xxx
45.233826,1.2066144,tri
9.6720915,-19.5912,emot
4.5527525,36.54464,fact
9.743676,-5.7594185,den
-17.631866,14.43584,hold
17.431692,3.412548,epsilon
-3.4896398,-22.437227,hubbi
1.3428619,-11.841464,tue
46.363823,5.140162,alex
-29.46794,-30.196661,bailiff
-49.178875,-5.305341,jul
0.5270046,-19.674557,simpler
45.586105,-8.312229,select
46.66933,6.831338,rais
-29.862192,23.652761,mode
38.272667,29.027578,comput
6.138342,-28.928205,whr
23.326551,43.260338,correctli
-9.542571,26.673737,morefrmmob
31.047394,19.640974,increas
-22.854736,31.717054,ghost
-24.698696,-30.756441,juici
51.488083,-3.532919,hug
9.778724,22.701082,doll
1.9472568,-28.761189,tour
8.5345745,-0.003824674,prime
-12.406767,45.863087,bbdelux
56.04771,-9.539396,beach
21.354313,-23.361153,meh
-14.645659,-31.342314,pop
37.399406,-1.5575019,loan
-64.414925,-3.7600446,prizeawait
-35.45427,-3.4963248,juz
9.901483,-14.211237,medit
-58.68281,-3.0371625,aj
12.058885,24.949715,anywher
24.535355,14.649327,sdryb
-4.6052675,-4.425846,lunch
20.486378,-25.389969,auction
-61.655506,-4.3365264,aa
-45.590378,-8.288607,click
-15.620774,-23.586752,poci
-4.048246,-19.20841,window
-33.61549,7.4292016,flower
24.439314,2.2004147,netvis
-6.2901535,-9.701966,kent
-2.3560166,-7.226401,shall
-6.3305073,29.31214,appli
33.352467,14.832075,arab
56.411377,-7.9764433,scari
19.316025,-14.881225,php
41.491188,-23.84578,jungl
47.389893,-8.620534,hmv
14.433377,19.204828,ball
-7.1896954,3.2992842,wallpap
-30.141548,-8.081513,germani
28.727919,5.956048,hospit
29.28166,-4.5937285,mess
-9.268582,20.608809,barolla
-29.769289,-5.548564,talkbut
14.682449,-2.8508031,tiger
-20.476305,36.164513,madam
-16.680223,-38.76152,largest
-15.9314575,-31.967274,bed
39.98323,-10.655031,tip
51.24261,0.3516583,rock
4.540715,-43.350746,uptown
-16.054775,-13.300896,urgran
-28.90464,17.937975,praveesh
-1.3808799,4.4693146,channel
-28.786314,23.847424,dunno
30.864914,27.947014,skillgam
-0.86652833,14.09862,goodeven
-54.1286,-5.5023274,aberdeen
3.1033802,30.322145,sipix
21.203156,-7.3440304,harri
25.193026,-22.61423,ymca
-18.852562,3.3434262,spring
22.446064,25.15078,busti
-0.103920154,26.294188,hvae
-43.944305,11.64193,block
-25.743805,-39.618694,getstop
29.567083,28.946674,download
71.268234,-4.3613515,num
29.695871,1.0305151,citizen
-5.5751305,-15.820205,tht
-60.891594,-7.6163425,apart
-26.504456,16.814384,maid
17.213081,13.907921,lotr
-32.97894,-20.95841,diddi
-13.106488,26.956442,want
15.914015,18.02974,jamster
59.593967,-7.5919456,sae
-0.5875775,-4.028047,appar
7.8302135,24.121778,eeri
31.557053,28.407522,solihul
-28.800869,-9.429365,legitimat
-4.3383355,-27.691723,serv
41.342964,-22.841381,h
7.8171554,-15.672979,never
8.223075,-19.056684,sac
0.0400811,36.9788,tech
-44.853928,0.13889757,shirt
-10.300272,19.145264,ben
-0.33869472,32.96515,gloriou
-26.130175,30.533905,musicnew
-66.680786,-2.7669113,euro
15.318013,-12.959877,drpd
-19.418339,4.9887776,protect
28.211563,-2.0499618,alert
6.8779907,17.819702,bowl
31.691341,39.13187,excit
-19.895088,27.409418,tirupur
28.53577,14.548587,onto
-12.174781,-19.451609,exit
-36.562897,-4.996331,neva
33.118843,13.742263,vip
19.396788,34.763435,ni
19.57628,4.137341,content
46.667587,-6.7834,raj
1.5100282,10.969221,minimum
-37.22431,12.260577,uz
-49.35416,-11.404668,qf
-7.3504853,-25.071707,happi
10.449061,32.803947,ak
20.586424,-1.7864414,dial
-17.898357,-33.702385,bother
-1.3180026,17.27897,resubmit
-24.579414,37.10345,unicef
-6.304153,-5.0757732,yt
-28.9731,23.840551,properli
13.880517,-9.111266,rd
54.121628,-6.3477445,eat
-20.357347,-0.6385198,dload
-19.761965,-19.629929,murali
-32.56707,-1.5480579,shot
13.949455,-1.474753,delici
14.34789,-19.77908,weather
-47.717842,16.428518,public
-6.662998,16.213602,mobilesdirect
56.230736,-15.239199,lead
42.70955,0.60828084,around
-38.380394,10.85556,brand
22.557604,33.217503,quot
35.905437,14.559251,somethin
37.92282,19.324348,clean
-61.069584,0.7431963,shit
-0.29655367,-15.413141,grand
37.91056,12.903929,natali
-29.698978,2.260219,lot
7.6316924,-6.913501,cola
9.486815,-12.738349,textin
22.919195,-42.867672,gym
-0.24632177,-12.639257,backdoor
-12.306767,-32.20779,load
-2.9613538,9.455732,travel
20.298094,24.908424,internet
-46.07299,-6.096812,pain
-5.7130294,3.0900688,chikku
13.636267,-33.9144,rec
-12.659334,-3.135233,aunti
-10.958,25.75401,cribb
18.817764,-20.26629,supplier
-27.641506,34.870068,maintain
-50.407665,23.787209,yiju
-4.058278,-1.6314404,film
9.644075,38.438362,flake
-3.717406,29.018929,kl
-9.614953,7.767408,biz
-43.603043,4.289463,prabha
-27.041594,-21.7362,cd
-19.86088,-13.639269,close
-33.92673,-35.910236,pix
-43.49626,-25.886692,shitload
41.8812,2.6421537,ban
-4.615856,16.37445,mre
15.304242,9.057013,addict
45.79574,26.494705,shoot
-49.177372,-1.9361575,envelop
-15.172703,-43.807358,psp
11.065405,-22.405262,sing
59.847866,-0.17802006,jamz
-37.466736,-3.4625025,minmobsmor
-21.678703,10.369859,engin
-0.12997968,44.97737,play
-4.282288,10.138251,super
56.400436,-5.7140164,evng
11.041466,-9.386772,videophon
20.458815,24.985926,week
17.290445,24.576456,yup
-19.377415,-11.335407,mf
-66.43656,-3.589085,aq
-11.535131,-8.045538,bell
34.61794,23.323792,hava
54.349228,-1.1534895,gmw
-29.484594,-23.008614,mob
40.765514,-14.198605,prescripiton
64.47385,-5.027669,slot
-36.18932,-12.582219,cover
-64.47835,-0.39103532,link
-1.9622211,1.7110014,ti
35.32295,-14.595419,app
4.627371,-21.704311,smartcal
-7.205162,-3.500047,suspici
52.0261,0.13701002,custcar
16.59166,-27.64069,splashmobil
8.333032,-10.229305,purchas
-9.446539,-2.629721,husband
-27.341103,4.6072793,wu
0.92147,9.685877,goodmorn
-47.14175,-7.401993,shortli
18.68265,26.068892,hunni
48.809002,10.6911745,wc
13.340871,4.989057,ctxt
-7.9869986,3.8834894,jersey
-8.037546,37.63343,blind
51.06951,-3.284155,father
-29.162523,5.0947933,ipod
-50.81405,-5.9683294,marley
12.817116,0.09425345,though
-15.218548,-35.990314,mail
-46.5192,10.637248,waxsto
41.869175,-4.27771,string
20.367508,24.895555,illspeak
-5.268754,27.853468,jackpot
17.88884,-33.18991,cash
37.7938,12.927828,slower
-67.64158,-4.620436,given
-43.37721,-7.6203237,dick
6.437932,13.668836,train
28.560276,4.416546,bundl
49.49308,-5.8551593,shivratri
-24.143377,11.989879,gona
11.394006,26.039982,index
-44.36601,31.24499,doubt
-40.87434,-15.384237,cer
16.93449,20.865395,bin
7.2156854,5.931007,uk
10.905305,-22.160583,lesson
-6.671459,8.283169,knock
47.551144,-14.60603,becom
-6.0274825,-17.487486,sib
-10.860259,7.055962,pro
-5.382842,-48.370213,neo
17.071299,-39.15617,privaci
-55.952675,-2.6055484,appt
23.05083,-1.2135401,us
63.756233,-9.627385,join
59.032738,-1.7132357,himso
18.372488,-26.549328,celeb
-0.47173217,-15.105086,complimentari
58.55008,-9.212596,claypot
-19.596592,40.35182,done
-9.585332,4.0965104,sale
-30.683329,-4.263621,maximum
-31.237295,-24.216179,gender
-21.721073,21.784565,ugh
-53.00753,-2.1280742,kill
-12.824563,5.778657,continu
-61.704346,-6.2120304,argument
6.9055133,7.724485,gettin
-4.0167174,5.4955683,rstm
-37.387524,-0.881486,wv
-0.42643046,-17.46583,deepak
41.551945,24.679688,instal
18.586903,-30.027803,kept
-14.457919,-12.481612,fuck
-37.464806,23.207502,wtf
46.60298,11.481412,sha
-22.598465,2.546878,smartwatch
5.4263663,-5.445892,car
-3.2336729,2.0197968,pub
3.4069653,0.638371,zs
29.686136,-1.0564867,employ
22.4382,9.134526,lifetim
67.70608,-8.667295,focu
-18.937593,11.326346,handl
-21.759438,-31.021358,excus
12.913553,-7.6388855,hun
4.391309,-3.4967358,someonon
-7.9349174,-36.005592,cast
17.743689,-13.837394,chat
-8.494432,0.43310314,boy
4.7702885,-6.1420083,woman
24.501904,27.282984,tih
-3.8428211,-3.0912216,spk
8.225455,-25.33687,hoodi
-16.001883,-30.179096,sensit
3.265221,-20.89342,postcard
20.390827,-10.867643,divorc
-10.13244,-8.775895,wont
-21.843681,-4.668494,miiiiiiissssssssss
62.5385,-1.9337094,budget
45.334057,-0.6652801,south
11.994066,4.085257,bluetoothhdset
-6.9134264,14.447666,possess
-27.620136,10.4531145,error
24.598257,12.294401,polyphon
60.87207,-11.256214,domain
30.731394,16.524998,cours
-15.708153,22.706432,faster
1.8538891,27.862207,xuhui
-11.452272,-40.705666,hai
-0.76088834,12.204391,cncl
-64.650154,-4.504537,sea
-11.705583,6.995577,success
9.125753,14.908579,akon
-53.82801,4.130974,wet
26.766163,11.263871,pg
42.157555,-16.139677,entir
-36.750183,-15.020807,drive
-7.0960274,-24.044302,fri
45.753387,-19.62391,track
17.17346,1.4970754,easi
4.8560734,-24.530561,variou
5.0652747,6.531399,child
-6.9978194,-1.4085687,finalis
41.28339,-22.524529,pa
-9.093806,17.205147,hop
-6.1065316,-7.8817844,favorit
14.913748,2.4443126,ice
53.788795,2.818955,comedi
8.322542,-18.457323,wannatel
-23.083286,20.766472,strt
65.156044,-3.094239,middl
-5.672127,51.670918,clover
23.579767,-2.975423,havnt
-2.6730018,-31.595871,stamp
-20.04057,28.179901,polyc
28.7229,4.3891387,plane
18.04814,-6.672996,sport
-15.8418255,13.926851,standard
24.676247,-7.374551,craigslist
-9.39183,4.1512866,good
-8.021504,15.106312,mistak
33.991825,-17.81724,msgrcvd
-0.85282457,11.813547,suggest
-36.58531,2.1544428,oper
3.2619889,5.484175,night
-37.440235,-32.82128,cannot
34.68792,2.870592,june
46.17571,-4.9926853,efreefon
33.901196,-7.6040773,countri
5.522853,28.975954,vodafon
15.100165,11.369093,g
7.590466,32.126698,fond
-16.432026,43.900806,break
-24.27135,-11.236475,shine
-2.8157604,-17.272516,xclusiv
-18.288,-42.85192,reject
11.807049,41.049286,textcomp
-11.591926,6.030311,held
-31.223114,-29.796267,mile
20.210276,-21.741993,andr
32.392,1.8515176,panason
28.883446,41.981396,hmmm
15.500705,-25.015228,bcoz
38.58913,-23.997576,edg
-2.444306,44.684853,leav
5.06651,-35.915695,coca
0.8676268,-3.1520963,balanc
49.481174,-3.8526127,global
-7.9514422,-13.84864,dri
-4.881785,17.28018,how
3.90467,-16.850964,brisk
-26.552158,-5.123959,rt
1.9442627,18.290428,button
-28.322332,3.4224503,giv
-2.5277863,2.7681794,soni
35.814262,-5.810674,tarot
-9.544627,-28.813873,truth
9.866059,-38.401882,bangb
35.864555,-5.8980255,discount
19.109503,13.200123,aroundn
29.234085,-14.77465,spotti
16.67452,-20.14745,cum
-3.1377492,0.99574786,yo
64.78657,-1.15753,profil
13.943143,-15.280004,direct
14.994844,21.851625,scientist
21.364948,-40.801132,ye
23.227797,-15.84961,gravel
22.94388,-4.9346256,fast
-14.448235,7.1399846,slide
-29.37872,23.84572,abta
-13.001744,-24.331507,tenerif
32.09128,15.968895,footi
-7.5857697,19.245663,xma
12.008799,15.413918,expiri
19.95575,3.2794647,mjzgroup
-12.550007,-12.113047,xx
11.963192,25.766743,find
40.451572,-19.619967,grasp
17.942747,-24.473886,rencontr
-45.736126,-12.023477,jazz
55.404373,-12.65009,watchng
15.904474,18.117388,need
-22.517643,14.477565,violenc
-18.485033,-13.158276,mt
-23.932302,7.040031,tayseer
62.215004,0.61439186,sleepingwith
-31.913725,3.488257,slow
5.6915827,4.1329603,hotmix
-7.127541,21.69954,ear
58.79535,-9.180172,fulfil
10.522522,-7.9989915,blue
8.106668,15.832356,sprint
39.016426,-3.0256734,temp
18.21609,-28.365463,luck
33.591225,-30.341549,shock
23.842312,-3.7452822,porridg
-58.95625,-11.398291,lf
33.024986,-15.288938,foot
-16.021538,-29.783577,txtin
9.463109,31.73621,gamehub
20.401016,-7.368183,perweeksub
-31.459412,-18.43683,tsandc
-39.59039,28.5917,yunni
15.169072,14.901898,date
37.862606,0.6860406,dartboard
-42.244606,2.162918,water
-15.96468,26.198698,pple
-34.054726,0.3907973,woke
9.136749,16.86279,club
-17.448317,0.987534,cst
20.852095,30.68934,sen
-0.9733365,8.926917,fanci
-13.733324,1.7838198,meant
33.377148,-2.8947754,rain
-26.884676,-15.5916815,dad
16.625925,35.87896,kanagu
26.71532,-11.061947,approx
30.080675,-24.957127,shsex
-26.616508,0.60031205,bulb
-25.589159,22.213945,landmark
-6.8084984,6.0178466,prepar
-9.092603,-15.9027815,clubz
-2.6940148,44.330303,rgd
-2.134915,-10.327244,line
-24.045319,-25.99993,bookmark
18.013994,1.3961165,grant
-30.846767,15.315208,kate
-29.284721,28.105005,pint
17.87935,-11.659708,instantli
27.908413,19.835794,sauci
-7.9219365,22.206213,anniversari
31.570522,-26.838951,uncondit
21.47486,-9.370306,stoptxtstop
-45.175198,2.3499162,bonu
-8.188385,37.56639,one
-45.8586,-15.636581,move
-24.006624,-1.4180651,txtauction
-55.644333,-4.1491013,januari
71.44196,-4.3105874,wx
50.121387,-6.0948806,best
-58.550716,-3.243443,salari
14.819646,-4.137351,lindsay
15.103268,-4.568474,tune
-25.807768,6.9908986,see
49.051414,-6.505642,bcmsfwc
28.732624,18.322426,boat
18.776226,-35.83627,mo
3.5643888,6.913225,kid
18.294916,-20.417343,lyricalladi
2.3242476,9.777379,gr
2.6486452,21.47866,sticki
17.035368,33.390347,wn
-35.64993,-17.134003,trishul
-20.852964,-36.32291,waht
-2.1926868,41.58956,instituit
-24.488499,-21.12005,poker
34.138485,30.62437,fit
13.058557,-30.317425,inperson
36.52523,16.784231,stopcost
-18.364218,22.76312,notic
9.730151,20.353834,zoom
-1.7871314,-5.433809,img
24.541344,12.641968,camcord
20.155804,11.676075,well
32.656937,-23.093922,marvel
-65.71818,-5.092452,complementari
-5.074319,-10.166935,page
4.8079796,-3.7774463,xafter
-60.573326,-6.6476126,doggi
-21.722446,-0.4507106,im
-11.245001,-20.316845,bye
5.203812,-30.859411,sextextuk
-7.4107814,7.192496,valid
21.300444,23.811312,psychic
-8.106964,7.8823304,villag
-61.680065,-7.1392508,anythin
54.87432,-5.355809,tsunami
-28.075207,-6.520828,boltblu
-7.1892886,39.38759,alfi
-13.159091,6.9704967,scare
0.96980864,-37.780445,regular
-35.32434,15.833474,j
-31.815073,-14.892109,passion
24.272535,8.195091,program
-55.03075,0.9368969,request
-40.839474,-7.7372518,connect
-43.32624,-5.8024635,dt
51.57382,-4.4607353,till
-15.324301,25.879051,univ
42.108273,8.851043,da
7.7940016,-2.9221318,idew
2.5505614,-27.699257,unclaim
30.041496,9.215602,ganesh
39.031616,7.412661,ink
-24.271606,-10.524357,listen
43.11866,-19.635063,wil
11.784757,-18.945826,follow
-19.04294,29.861319,acc
42.457993,0.035759214,daili
19.975182,-25.152569,soryda
9.325606,-12.71714,dudett
47.452198,13.387562,pole
-38.6267,19.949982,tv
3.016348,-23.546478,slip
-15.890774,-29.599274,strain
62.802814,-12.267819,there
8.173272,-14.195537,babi
-9.897019,-5.578439,often
19.313778,36.967594,deltomorrow
3.101825,-20.219057,kath
16.965603,15.6322365,txtx
13.115982,-4.318166,parti
-21.792416,13.686744,xn
-8.480383,10.360335,rgent
20.052753,1.3294388,iz
3.1644025,-9.338008,fan
57.38078,-5.0590925,wit
-47.725353,2.0411093,lionp
-1.1959581,-30.862555,starwar
2.552432,4.077647,starshin
14.123325,-46.060135,citi
19.484556,7.268694,free
-17.463596,-2.2824066,still
12.797809,28.108541,ken
19.530657,9.680138,dsn
-57.598263,1.1263787,cryptocurr
2.4497886,5.6599355,snowbal
18.407171,-26.74547,bedroom
-26.782757,-42.372154,visitor
-0.80022407,-16.062763,compens
-25.465094,14.857131,process
10.971292,-22.393877,damn
2.537704,16.774685,dozen
7.956006,-30.48166,spif
1.4194716,-7.210841,gv
-5.6894107,0.66299057,net
14.489533,37.812763,atm
70.24255,-5.025619,weekend
-8.787808,-13.80873,petticoatdream
-35.074135,10.546712,bewar
-0.60456365,-13.890935,unsecur
-16.302975,-15.816172,hello
-2.2140245,-47.324436,wildest
-3.401011,-45.664864,cktz
-2.9518316,-8.636887,renov
-8.598017,-3.4367023,explos
4.67133,-2.7381659,oreo
16.527912,36.567757,receipt
-9.735634,-19.634369,cc
6.698963,-18.927221,china
-10.511957,-17.864407,vacat
-8.295267,-6.994671,minapn
16.007328,-28.290974,accomplish
-6.2649574,-4.560737,women
-31.326351,34.57662,jiayin
-12.312444,-11.191186,mtmsgrcvd
-60.50993,-4.9039907,way
-20.433613,-0.66590476,availa
-14.800561,-22.163765,zouk
-7.860128,-1.3512355,ibh
-44.57182,20.598783,act
0.15275824,39.5157,usf
4.9567766,-10.157701,read
-33.224716,-19.35635,persolvo
42.707714,-18.45181,mum
-13.111323,4.2617774,thfeb
-9.497781,-0.9309591,record
-4.6812353,-26.819466,ibiza
-20.976381,30.45292,unsub
-2.8824897,-17.296476,nearli
7.5734577,3.3485932,hook
55.026894,1.1534271,wkent
-18.547878,-5.205481,fromm
-51.156063,-9.590397,warner
-31.396204,-2.3409607,p
-0.5346385,17.983936,island
-1.1077895,15.038306,exe
-0.91072047,22.039894,snowman
-38.350636,-5.112946,birthdat
28.879929,-19.252092,visit
-1.9648085,-14.590353,oop
22.98985,35.816563,onlin
10.278222,-26.392405,realli
-5.84707,31.00726,deu
-35.165123,4.725575,pobox
8.452918,-8.8195505,lucki
-14.379043,-14.119456,ibhltd
-22.228132,27.620676,compani
9.617227,-9.178488,str
-11.097018,24.947746,yun
3.68214,-8.466843,evrydi
-32.938927,-15.977098,en
-28.454823,-19.962948,overtim
16.71533,48.020855,din
-10.457351,-44.56424,jelli
-39.79919,-25.520363,waz
-20.899729,19.242683,write
15.4644575,26.051043,extra
4.555671,-11.372026,oz
5.3727493,-15.097141,haf
-8.135726,5.892105,privat
-36.557053,5.5641613,aha
15.154655,2.216849,lay
-2.7308497,37.126472,utel
-2.414188,12.401702,darl
30.719799,10.629409,vale
35.00712,-2.0254138,exhaust
28.231606,41.431705,includ
29.161757,-27.82219,valuabl
2.8511515,-1.6468168,sf
40.765297,17.031889,pm
-4.1798964,6.0888386,invit
-15.234904,-3.2975945,bhamb
15.022088,-23.334959,thk
-18.136158,1.459526,eh
-9.327798,-33.943584,bremov
-27.778667,-38.71581,peril
5.9408875,-14.2347975,ecef
11.220314,-24.605074,helen
13.160223,16.29867,dislik
8.598231,7.646227,method
-0.75719565,11.53866,gsoh
-39.037663,7.4612784,sum
-42.864037,28.123676,sip
59.71843,-11.508363,great
-47.069378,-3.6493533,indic
39.53877,-0.42494473,violat
13.902031,-28.580889,uncl
-7.016386,-3.531603,text
-56.877506,-0.9730854,cornwal
18.120707,11.681074,exorcist
-14.678759,5.770313,btw
-13.812742,-29.705008,webpag
7.5489707,-15.106911,mid
-7.37848,44.85541,jp
-6.140288,-12.286276,orno
-24.718636,32.03153,lux
-7.761389,-16.260014,utxt
0.3600343,7.202007,repres
-37.818462,-26.63202,fb
-26.667332,1.8381265,burn
-37.82396,11.429846,gaytextbuddi
10.162154,12.351732,dx
0.8679419,-30.554382,optout
49.98371,-1.0225538,happen
1.5946352,-2.1592987,item
-34.649513,-24.932423,ju
-15.760925,-23.869522,interest
3.2873044,20.963915,suprem
63.060635,-5.0899134,basic
15.655457,-25.244764,forum
13.404235,48.76856,anymor
-16.8832,31.870764,mobil
-5.0785127,-1.1389511,wow
-4.66646,11.853913,rakhesh
15.77094,-2.587308,tooo
67.73685,-5.8573623,motorola
-30.723705,1.7049432,fgkslpo
38.838757,-7.5532165,london
0.6335454,-49.401585,cal
-24.857265,-16.769855,restor
8.820813,-38.9599,stink
-51.276497,-11.9422865,assist
66.74802,-3.073831,aquariu
-3.9368954,-33.67411,doggin
-14.579392,6.022409,surpris
34.681847,-16.279787,shower
-21.631523,-8.67294,asp
-8.61382,-11.350132,lect
52.552635,-0.3557269,maga
15.954893,-18.532892,mandi
-61.184486,-8.606224,thought
7.8397536,-36.32337,littl
-19.428915,-29.65706,big
-10.7585,-3.7959485,rite
1.2151194,-3.2985399,box
7.2118335,27.951107,ex
14.03529,-20.126066,holiday
-45.050236,-7.8355656,blond
23.212387,10.526999,plu
22.882174,18.966625,clearli
57.261185,-2.0977747,trip
-28.115997,18.904598,reboot
-31.56661,-12.804937,arrest
-49.51497,10.64094,english
6.517611,24.5432,smell
17.55862,25.438913,headach
39.07899,16.00877,ch
9.567996,-7.096684,gave
-19.727877,-26.732937,pocketbab
-54.074203,-0.94521916,pre
31.750767,8.491581,geva
-4.993351,-5.935065,hang
10.341169,-45.415558,caus
-19.013056,-4.340223,tg
20.51577,-17.521334,chuckin
3.4817288,0.7938537,two
-11.1656685,-20.643787,devic
-4.6114445,25.624968,xxuk
-49.00797,-7.858546,hurt
29.694664,1.2085502,doubletxt
50.257767,-7.5211797,half
21.506762,-7.7576523,quarter
-8.894956,-9.463017,sinc
-28.312588,14.3854475,kiosk
0.77509415,-17.427261,helplin
-26.286627,-8.766023,wisdom
26.98104,-0.9128508,crowd
-6.307831,-0.6812975,origin
-6.680366,-26.948507,wah
-2.651372,-34.206776,em
57.86175,-5.865267,unsubscrib
41.1541,20.42279,tund
-10.810084,7.47154,ntt
22.789764,-9.3080845,prem
-1.3005344,-28.5516,unrecogn
6.1401587,-7.752711,vomit
-6.7226872,42.48219,deeraj
49.42032,-10.086366,supplement
20.47904,22.115818,friendship
28.759333,-17.20466,australia
4.8509145,7.7356024,flash
-35.52398,-32.225147,assum
13.16383,2.6688046,ts
-36.08683,-2.2784312,morow
7.6773567,20.971315,met
23.46015,16.638857,cdgt
19.544779,-2.9523568,sarcasm
10.565155,-27.451878,found
12.945081,11.020939,regist
48.768215,-13.465854,argh
30.584463,-4.1972885,system
-3.073693,-7.640453,tel
-64.808044,-1.60549,lv
22.865055,-8.675472,beg
22.218773,18.251066,pocay
5.547286,17.544348,headset
-30.178171,21.077652,wocay
-16.646307,-25.764517,return
-26.41716,-0.4636784,first
-22.711456,15.794165,sky
14.63089,23.062777,tast
44.95299,5.6435857,cute
27.434307,-9.920677,bac
34.310596,26.228235,rat
12.486338,-6.3987536,charg
7.3356667,9.589103,linerent
24.005724,40.385487,hip
23.64776,-25.840157,anim
-1.6373041,2.945479,org
-44.369568,-2.1456223,dark
47.24352,3.0248358,e
-8.076479,9.21904,rich
-46.72339,-24.041027,rate
-64.406425,-4.4528985,subscript
32.119526,-35.783855,maniac
18.635212,-8.344503,urgnt
13.821114,5.1915317,iscom
23.695253,-28.687807,foley
-26.380085,-1.999989,eurodisinc
-4.763431,44.197575,remain
-19.420414,-28.321072,flippin
50.311256,-15.80321,complac
-18.985125,-0.55682504,conact
34.855618,-2.3979783,btwn
30.841043,-28.816618,urawinn
-24.502274,-30.730196,opinion
59.630676,-9.687562,southern
17.493486,-14.252801,drunk
54.723362,1.2210684,pickl
58.515453,-11.045621,sure
25.647163,-15.216571,told
50.35259,-5.382233,burger
25.69978,-9.137052,doublemin
-46.682102,3.9153204,sparkl
30.221735,1.7514812,ryan
-11.205439,-7.285494,ashwini
-33.888664,-2.1528473,dena
7.0390625,-16.393631,ring
-30.44789,37.85702,dear
-4.63917,-13.553952,gibe
-15.055642,4.021814,christmassi
-12.069557,-29.385807,lick
4.351096,10.322227,promot
46.376663,-10.003258,badass
23.522017,30.633604,ec
-5.091255,-48.759266,icon
56.291313,-9.811555,velusami
4.4542294,32.348656,icmb
4.7773404,38.694305,figur
-19.350529,-2.0319955,fil
24.311455,-12.350386,yesterday
6.670668,-0.9963141,sonyericsson
-31.519156,-38.378773,yhl
-56.966602,-8.677352,tesco
-37.141376,19.004477,sleep
-24.264868,-10.970284,set
18.573729,15.6919775,judgement
-52.663406,-5.9881153,xt
33.778095,-12.79965,presid
6.1015134,-22.369076,wa
-5.0519013,6.1824465,mylif
11.315592,-4.4137483,dorothi
18.747942,9.416745,optin
-44.64814,20.24664,fixedlin
57.796497,2.717677,center
16.857286,0.09793408,mobsi
-22.740461,-5.8980727,colleagu
-13.165529,14.978711,kiss
21.021292,-13.375997,bx
22.507284,-3.5346282,txttowin
6.866158,-4.4375153,know
-39.19759,-0.79415977,fix
-11.527992,-28.737173,delet
68.59449,-0.40006107,spele
-40.072933,13.787785,bray
21.476257,-16.113136,juli
6.5450377,-9.918719,flirt
0.7745923,-28.718483,rtm
-14.255794,-31.772036,wi
29.919971,30.670969,tnc
7.506197,36.711815,swap
-5.0470023,-9.248534,clip
-7.605016,-4.841376,wihtuot
-0.6504901,-23.348831,stress
-17.90567,26.395197,cumin
-1.7483178,-1.83596,sppok
-27.003271,26.913998,halloween
1.7771797,14.556479,kbsubject
-11.789497,2.1866667,depend
-11.085428,-22.334883,filthi
-27.779507,8.123093,renew
-2.3173597,-47.43901,priya
13.157159,-36.289154,taunton
63.429855,-0.023407673,design
17.249826,23.929234,alreadi
-34.070076,2.9185333,minor
19.214476,39.94411,aft
20.944527,-23.198624,eng
0.6340275,-25.435652,april
-31.513916,6.349972,definit
-14.392899,-39.30076,nmde
10.157382,-4.2177124,risk
-51.199535,3.0257137,meal
-9.499669,22.186174,wrote
9.9830065,-31.935375,fever
0.9551267,47.040096,hotel
33.96947,33.525593,carli
-9.744338,-0.95130736,oja
3.151472,30.556356,voicemail
-29.428663,-17.626425,sat
-14.990041,-11.707374,radio
4.3391056,-34.27308,outgo
-8.789277,9.917161,termsappli
52.93739,-1.8226663,technic
-17.368233,10.079122,snap
-7.7816906,-7.449051,undrstnd
-17.205791,-21.806438,amaz
-60.957825,-0.75850755,sceneri
-10.196599,30.621643,rip
-22.63384,-12.851672,nick
-12.47868,16.842726,human
-66.68703,-1.0784181,aptitud
10.506628,16.525156,wors
56.173893,1.1599646,legal
-43.920235,-5.615,wtlp
48.58972,4.8001633,golf
19.330406,-8.129291,surf
4.97591,-47.133823,randomlli
-31.672062,-25.120129,fullonsm
-19.727188,-26.735912,bill
-15.105008,-1.2400739,sent
8.325649,19.833223,subpoli
-48.07973,-5.174749,experiencehttp
25.49319,5.1349354,asian
42.68474,-6.282902,spoon
-0.081390455,28.567745,respond
37.200832,19.595228,percent
-54.966465,0.95137966,valentin
-42.23855,-22.401241,cheap
9.953389,24.879509,chosen
6.249679,-29.466318,oppos
9.2210045,-32.21859,qualiti
55.32709,-0.52881134,reveal
0.653783,-34.924793,suck
-10.825764,14.005529,beliv
-29.036154,-27.851986,gibb
-5.482631,-20.032173,ip
21.41858,-11.399104,took
-14.095006,-1.3202429,ray
-57.529186,-4.5711575,ard
-2.0608943,-2.9358048,didnt
-9.353149,14.775515,yr
-55.315758,5.716048,await
-48.670265,-11.3567,contact
0.6869385,-28.66181,ge
64.29152,-7.099042,bought
10.602867,30.269451,sub
40.601997,-22.461777,minmobsmorelkpobox
10.270471,9.422235,approach
69.063484,-4.2896514,hack
-15.1018095,23.427628,wenwecan
-6.7323747,-42.91455,enter
-12.178057,27.26097,suprman
10.244062,4.311229,lucozad
-0.6363054,-13.928885,puzzel
2.2835326,0.67419964,textoper
10.55825,23.082487,rodger
-59.336113,-10.084064,customercar
-3.6062524,39.38867,sumthin
-28.134136,19.003122,bay
-23.099606,5.937679,detail
31.168072,-2.8132582,weekli
-22.21904,11.993109,capit
21.594185,15.658955,money
-30.8476,15.407935,seen
-1.7173309,29.828949,virtual
-51.656624,5.558081,tkl
-6.4062405,-42.11221,lingeri
-25.12235,-3.651504,hb
-41.792866,-29.073608,round
-12.939023,-23.09161,cfca
16.836252,22.457434,comfey
-32.32906,0.88107324,row
4.1819935,-43.24589,horni
-46.641464,-9.519747,toothpast
-27.521412,9.999608,slept
17.39173,13.655856,lubli
-65.96053,-0.829402,elain
-24.135801,-32.937992,tom
25.056278,33.161808,dime
12.11366,4.223182,anytim
-2.6730156,-1.4970411,askin
5.809165,47.593494,ship
-68.17147,-2.8905585,repeat
-47.352505,12.830698,opt
15.151863,-18.102028,dog
7.59471,4.6070232,welcom
-24.496668,3.000672,rude
-44.260853,-0.7213092,skilgm
-14.922328,11.661515,think
-12.453811,-10.084256,norcorp
-30.337236,-4.1191673,fun
-44.207268,26.791132,abiola
-7.5343127,19.327642,store
-23.8285,22.702515,oi
10.94167,24.99469,secur
-20.026926,8.282862,postpon
53.917015,-9.743488,deepest
7.124981,-23.00944,cine
-9.130151,11.290485,pic
-25.107027,-0.6191078,cmon
-3.9503574,29.282154,dorm
36.157238,7.372633,deliv
70.953354,-5.542542,bloke
-4.5872736,15.209149,ra
59.339985,-4.9607544,eldest
9.807163,-10.775661,statement
24.853664,-31.179825,wrong
66.495445,-4.5908923,videosound
-25.874172,43.69177,enuff
35.83132,5.288609,key
-1.0549862,30.687506,kerala
5.6764874,-0.963603,holla
-64.322975,-0.2724895,insur
54.58646,1.5269126,monday
5.902593,-38.252224,rayman
6.246445,-18.0903,newest
46.243324,-13.081225,nose
-2.1385329,-32.27844,understood
-1.399617,4.2365007,gee
4.8299203,-26.504879,pleas
12.752111,22.92615,nnfwfli
-62.509632,-9.292347,tsc
27.302006,-31.789324,mrw
36.587315,-9.469088,thm
-17.867046,35.420933,fakey
-5.916904,-17.493576,march
70.81705,-3.9350421,user
-12.447825,37.889023,discov
-2.961781,34.669613,treadmil
32.665077,-1.4661622,thesmszon
-33.08412,-11.500161,smsservic
-5.6980886,-18.865559,cuz
7.431709,15.085495,tho
-17.81348,11.537201,press
4.9490943,5.298693,match
11.696762,44.704296,elabor
-16.879059,-19.992702,ure
64.59705,-4.819988,qualifi
-39.05129,-15.5619135,period
27.29749,-17.816849,world
-8.817662,-3.2541194,except
0.41769755,3.8676727,mention
41.54495,-1.7367686,essay
-0.53052264,32.16048,asleep
54.302452,7.4661283,loung
20.903374,8.680528,mobstorequiz
19.313078,2.034117,monkey
38.81585,5.038094,stockport
12.710872,43.261013,youwanna
17.316286,-9.643312,mayb
-35.09418,27.24851,spl
-22.100077,8.820429,upd
31.644878,-11.968063,scotland
-10.486989,10.780314,perwksub
45.361156,-24.46417,incred
-28.12745,18.955076,rough
-57.621334,-0.30207488,wid
5.263714,15.926158,f
-60.572067,-4.6433873,suppos
14.109579,-35.572693,buyer
-13.608722,-32.785194,five
44.4296,-5.2751193,school
-0.54830027,34.95621,landlin
9.588861,-7.105935,decid
56.873222,-7.40531,ea
-27.711275,18.74362,angel
-8.0416765,-51.28369,ron
11.74258,6.7351503,believ
18.556335,-30.080902,describ
50.450996,7.690867,four
37.820724,-0.61839384,tiz
-11.709008,14.049079,di
40.854656,13.450421,give
-10.189614,2.1579509,bangbab
-14.923621,21.266296,accommod
-5.9176316,-33.901512,nasdaq
31.770107,-40.99091,barbi
4.17121,24.728056,ringtonek
-6.5645137,14.742762,dude
2.6615295,-4.871593,thmarch
-44.75816,9.810918,piti
38.070107,-6.205898,facebook
-58.942844,-8.495675,al
-25.31094,-14.636401,floppi
-38.20746,1.5826819,attend
26.110237,14.620804,unhappi
-29.334555,-32.60623,horribl
1.1251459,14.269395,comingdown
6.2882776,5.423545,agent
61.37932,-5.12618,light
-24.603079,-10.103832,zac
0.5990207,-25.579903,loyalti
-27.093407,17.033098,broken
2.4448948,-30.83549,ss
-14.285901,22.575275,violet
-8.275654,-23.267086,pod
21.957079,2.30866,wesley
-63.606495,-2.205702,correct
20.738161,31.076267,playin
-31.624199,34.873974,aco
-18.177296,-38.09455,msg
44.148964,-5.370667,macedonia
-6.834521,28.227211,dracula
31.947416,35.42163,supervisor
12.857329,22.926193,take
49.459328,-1.3863039,winawk
-18.564837,35.151558,bit
6.331605,-43.313858,ae
22.166286,-15.23562,mother
-3.006152,14.885929,otbox
49.234913,-5.5326824,jeri
8.194959,-13.552996,special
7.259008,-22.635866,admit
54.960976,-8.1553955,stretch
-17.763712,-18.6873,print
-23.98601,-37.53225,urself
-30.040064,14.464791,discuss
0.8323906,-12.504901,matter
-34.427742,-8.457652,qlynnbv
-39.55098,2.710537,cheaper
-1.8257251,6.276618,educ
44.76271,13.791006,soon
26.97069,-5.353555,wee
-20.805313,-5.955173,cant
18.71987,-4.977224,batteri
-25.758545,10.366376,georg
10.60661,-30.288425,land
-1.9878072,54.039257,gadget
-13.19909,-4.6986375,frm
-52.32657,5.2375617,phoenix
-17.876188,3.6488833,support
11.611488,6.0133715,howz
-26.509535,24.763369,crash
-4.0982356,-0.21991405,blu
-7.9106493,-27.676748,fat
37.734,-10.8777275,format
16.23412,4.5292306,tell
51.211163,-10.128493,skint
8.810937,1.4184035,stadium
-10.521227,30.85044,real
-26.30102,-4.970733,video
24.345467,-12.426618,ppmsg
-35.38095,-18.587862,pleasant
-11.453399,-6.666287,suffer
35.343937,25.75579,incorrect
-21.681252,-26.418236,point
5.033042,14.594938,haiyoh
-26.434502,13.747452,sashimi
0.29496247,-10.545681,man
-36.81931,29.103172,build
-22.745398,15.48583,will
53.123066,2.3560157,evrey
0.17662252,-10.618418,fgkslpopw
2.3263535,-26.210258,score
-15.375054,23.451849,diamond
-12.625009,-30.580189,sake
-29.881592,11.408466,librari
-67.57054,-3.5103693,zebra
12.810906,0.35955444,complet
5.8538437,-5.1369057,carri
-9.484078,2.6583502,mix
26.177132,25.770613,speedchat
-12.359598,-6.838628,instant
-17.071733,-5.3385224,yf
3.7198796,17.464947,corect
11.068186,-23.510315,bout
-58.536938,2.146059,urgh
27.47688,-25.364424,kind
-25.952265,5.510304,zoe
-43.002163,0.14163955,realiti
-4.699202,-1.2351615,word
-13.575082,-11.381558,ralli
-22.499397,-18.942553,god
-15.289465,-12.600683,prepay
-51.927845,-13.285482,might
26.572065,16.380878,strip
-39.2289,-4.5486794,absolut
10.503748,-26.095985,gnarl
-6.428268,-2.2074282,jog
-12.919711,-22.295498,sort
31.357182,-5.674282,rentl
16.436594,-21.959343,daddi
11.520309,11.825243,cust
28.43102,-29.120232,dine
-28.264463,-25.577085,umma
1.5870676,-26.701195,hiya
-12.557139,-50.116768,grow
-22.714945,-30.99434,echo
5.032992,-10.120531,chap
-20.977146,11.064041,sol
11.284631,45.179115,sooner
-23.700495,16.614614,pari
3.0564058,28.39844,kvb
-22.548292,-6.1725225,jsut
-14.594838,8.722738,energi
-10.349044,3.7723973,drunken
4.0874043,41.088512,lt
32.422554,25.76805,bird
-40.461613,14.048991,getsleep
18.250742,-17.668478,random
62.973923,-8.642274,sensibl
-32.577038,-6.4377794,partner
19.401724,-14.564889,stopsm
-3.7656524,-24.780724,favourit
2.838677,3.818358,xxsp
-53.291676,-6.033419,caller
5.6126018,8.155581,locat
-49.47545,-3.4299662,attempt
-16.984077,1.2676411,summer
32.61215,36.03626,googl
-2.036721,14.576638,westshor
1.87519,18.12037,qp
38.367573,-8.035908,avent
-2.3259103,-31.963346,sender
-2.4767888,-11.064708,tenant
27.06399,-5.8549633,jb
40.099472,-4.1575303,finest
9.68744,-9.269337,stewarts
-28.97404,1.8069865,bp
47.240963,-11.542032,prevent
-10.302445,-10.105944,scammer
27.860996,-21.476393,ride
-23.260084,4.7595506,code
5.5844607,2.8851395,smile
7.547454,18.046423,flatter
5.5645523,35.23518,wanna
45.910507,-15.037358,goe
-16.208773,23.944118,part
-33.90909,-18.44558,freeentri
28.9066,-16.241156,limit
48.089447,6.4931526,thin
-13.512734,-6.1790514,jane
-27.808363,41.672874,romcapspam
9.933166,37.85273,erupt
8.93638,4.0245166,lover
61.27409,-3.6715937,peak
-46.84531,1.9902153,grumbl
-5.0107393,-5.9900403,granit
11.671642,6.808917,knicker
60.521236,-1.6403545,mall
13.767517,12.028944,packag
-7.7734995,1.7174112,access
-4.6594176,-2.8978126,nd
22.582434,12.545005,trust
-11.456342,-12.223589,keyword
25.763784,9.643563,addamsfa
0.6634243,5.05245,differ
22.332962,-26.690107,fudg
24.187366,10.881492,nw
-54.937935,-3.3629103,stomach
-62.711624,-2.9809568,abouta
46.90401,-3.181083,small
-9.174556,-34.005695,rael
-5.4092374,-10.698437,ppw
-35.96321,23.937511,footbal
-43.005642,5.068146,ru
25.732718,-16.945786,learn
-24.182903,-36.42917,landlineonli
20.752264,7.661937,invad
53.381756,-12.257687,troubl
11.0138,17.904459,nookii
-5.452472,46.080032,usa
-16.324139,17.293291,safe
27.236832,-10.106098,pick
-32.328632,-9.145928,spoke
18.627186,15.160875,seed
6.711534,-40.63089,got
16.349108,33.01046,cam
25.320204,-7.0051303,lccltd
11.660232,19.678265,heavi
-18.058975,-24.028267,quiet
-4.771734,15.130365,nichol
56.07994,-3.0599704,short
3.3085306,11.1174755,dave
23.077085,0.5776227,prap
22.83409,-42.665474,hamster
-31.08256,9.859559,ph
29.355856,-9.297436,voda
-20.920496,-26.191881,pass
62.918396,-10.43627,gpr
9.249691,-2.0725687,commun
1.7754945,19.647955,fantasi
-7.3289175,-12.186502,fail
14.205115,-27.223804,everi
14.776381,28.009747,crazi
1.4096521,17.7719,technolog
38.09242,19.27825,spjanuari
48.51418,2.737974,si
27.378506,-15.577392,polo
-22.413284,-39.85224,theori
-22.913057,7.844988,britney
-10.591759,-6.4292555,meg
69.50979,-4.2295623,shi
-55.173893,-8.546804,switch
10.688358,-15.817299,unsold
16.780636,-30.620823,leo
17.97163,6.2321424,sir
34.783634,-2.696737,spoken
-19.51333,-28.406504,happili
1.9153845,-3.7811155,affair
-36.864708,-9.603831,buddi
-27.230112,2.670744,network
3.775662,42.223663,steve
18.429255,10.39136,jsco
1.1423544,10.528655,breath
-16.690777,15.239034,messeng
12.105599,18.017204,toa
-4.6495886,-16.817055,mmsto
-25.15804,7.2409887,answer
-0.4070246,18.277103,netflix
-25.102533,-2.7625625,colin
-36.058617,-2.2322214,ahead
-34.586433,-19.41092,nz
-2.934152,-20.676441,jordan
-23.08651,-47.831337,gam
14.556794,-20.918518,power
-43.484783,-3.4196315,goten
-36.18353,15.193974,dbuk
24.624685,-7.7018948,bath
-23.938993,12.962899,paypal
-18.278599,0.30604368,seem
-21.732954,1.0614231,ran
-2.371823,44.770615,guidanc
-61.41156,-1.7876844,come
12.511569,-20.689365,local
-3.7135065,-13.897426,file
23.336552,-10.51707,ntwk
33.671734,28.010859,max
-21.74005,-21.430067,bcm
-10.292404,-15.643183,rtf
-40.79721,10.65304,brainless
-6.5011425,-39.646942,instruct
-17.354689,-27.87653,willpow
-38.086403,16.553165,challeng
-43.523743,-6.329104,margin
22.473055,-15.155118,august
-19.551344,20.929234,fifa
28.670446,17.924091,sometim
-13.040338,-39.355198,gal
-24.779274,-2.4066584,tariff
0.96787655,-32.717525,tripl
-19.47903,-2.4255605,pink
-18.929663,43.422073,po
14.636744,-26.445942,heat
33.08761,-20.859135,song
0.09874415,12.774829,photo
14.462155,6.941645,monthli
48.748875,-7.593684,minim
-40.06242,13.932963,wk
-9.016644,13.5961485,parent
-32.650852,20.83995,varma
-12.523325,17.383911,mmm
-32.01909,-0.7919698,de
-9.873593,-15.586549,bu
45.40881,-6.8372827,hit
13.588681,-9.286524,bittersweet
50.244564,3.7348237,ldnw
-12.163416,3.9050593,paus
-69.129486,-1.9675107,fran
14.514117,38.128468,barri
5.1996984,-13.526652,wat
36.763462,16.651333,straight
-29.40246,11.618925,ah
17.492357,-9.482611,wud
-0.7150462,-20.342678,confid
19.672474,45.630955,hp
56.765957,-3.4710603,abroad
70.75511,-4.7497725,religi
11.864834,6.1906924,newspap
17.280186,-10.0404215,sens
18.67898,-4.0196576,pleasur
-18.411167,7.98996,familiar
-20.299229,46.98856,poop
64.75021,1.0187244,baig
-50.359596,1.7778791,morrowxxxx
-10.646587,36.247173,associ
-48.83826,-9.776472,recd
17.985516,1.3327303,hardcor
-42.936195,-19.708769,coax
-25.614685,-30.87256,allah
23.29255,-14.392395,relax
4.8804245,13.611799,mb
60.61803,-2.8935301,phb
9.044226,9.701551,spam
16.68198,-11.249748,fetch
14.002205,-17.071848,buffi
-30.007463,-35.841038,chit
-11.915143,22.885006,fishhead
71.25094,-4.3467045,memori
21.844717,5.559262,comuk
-5.4468303,-2.678082,previous
43.413166,1.7422494,park
30.079773,22.710236,moment
-6.327751,0.6998934,andro
-12.414716,-16.325008,order
37.691254,-10.846722,nt
-11.675753,-26.808184,nolin
35.298473,0.08268896,jolli
-3.6672552,-0.35331526,wrnog
-7.509599,-13.730867,accent
9.668852,-17.35503,ppermesssubscript
55.87744,2.1209676,wild
-19.831087,9.822433,usual
62.034927,-3.9939191,sq
-61.764183,2.4126842,abus
-2.8448753,13.350378,drvgsto
-1.3292295,-44.40911,ig
5.146234,6.589466,flirtparti
-13.8877535,19.811142,whole
0.7590398,-21.497536,hurrican
11.776345,-22.538143,nation
16.498987,-15.138731,aburo
23.55253,4.4232874,reader
-21.38953,15.18512,directli
-22.727068,-26.590267,discoveri
-31.994123,13.886446,gage
-34.003166,33.34876,less
8.287644,17.19334,allow
61.25513,1.7192545,planettalkinst
10.114062,-28.498104,ff
21.185171,-23.589746,wr
-2.27954,24.539713,snow
-28.60491,21.499723,matrix
31.23053,12.229293,exhibit
24.483957,-15.845703,yavnt
-22.71684,-10.866877,cn
-1.7905955,0.2713231,smash
8.829377,-22.04762,camp
-39.11759,7.476673,pound
-12.747554,-8.007651,cri
-27.571384,12.51077,doit
-22.467838,14.522456,gotbab
-38.069477,19.491295,lionm
17.939636,-15.95535,itz
28.953125,2.803889,punj
-32.15565,28.108921,sit
59.376343,-10.932123,luton
-32.061813,13.873043,bpo
-0.9095772,-28.148746,avail
4.6517987,38.855537,newquay
12.861922,14.397087,abt
5.8740683,33.172253,sexi
4.497668,11.838345,inshah
16.731049,6.5184417,breaker
-34.678253,-25.030098,lareadi
12.6495905,-6.2459154,mila
-4.036322,-16.87818,rememberi
0.16645001,36.710068,an
-36.78986,-12.28575,kickoff
-13.44935,3.730603,sao
49.864113,-0.94492674,catch
-32.898632,-11.583899,roast
-31.425636,31.317858,confirmd
26.362766,3.829363,minut
33.30793,-15.508573,aig
-53.74046,3.126083,worri
-4.9512305,-9.165443,heap
23.980555,-5.947974,px
-8.2272625,15.9162245,ppt
-39.00228,-15.538116,gt
-7.3929105,11.920039,true
59.442387,-4.5902815,ref
3.8386328,28.806435,lovli
-17.875,5.1588373,paper
26.755259,-37.514336,rpl
-6.284085,12.15563,action
12.84018,-23.09028,doctor
-6.4346933,-14.499036,prizeswith
-29.330662,-32.537216,donat
58.21473,-3.4589605,konw
-44.00894,-17.912325,barkley
-3.6617641,10.473127,extend
12.0085125,-10.395042,reunion
52.75371,-12.815584,boost
-24.705442,-7.4760604,st
-9.096764,-14.895635,nit
24.645918,-22.880283,lion
-11.128274,13.876038,becausethey
-41.495792,6.4415154,mobilesvari
59.639988,-3.7321792,mono
-6.995876,1.3844984,golddigg
52.346123,-2.5051167,other
18.6843,18.154606,sexiest
19.56363,-38.539463,master
33.365944,-30.81636,kegger
3.314502,26.731081,wamma
-9.417294,10.934815,hope
54.120396,-16.246853,xxxxxxx
8.251256,-6.5219903,player
55.891697,-12.1706085,presley
-23.33386,-22.651884,eshxxxxxxxxxxx
-34.064194,-17.582302,areyouuniqu
14.908552,22.809547,omw
20.78951,20.012598,alien
-15.717403,36.843933,workin
-13.899511,10.91409,eye
34.10935,-27.761837,websit
-12.89759,16.661879,workag
32.245064,15.9399,clair
-36.17018,23.854437,xxxxx
-37.443867,8.5136385,payoh
62.32363,-1.5724045,nvm
-39.35772,2.8819292,funni
-3.6161177,26.875214,jap
-56.833767,-3.312097,virgin
-14.710189,9.913213,luci
45.083508,-12.937517,dubsack
10.976346,2.599632,king
7.803987,-1.3168389,eg
60.313503,0.838888,mofo
10.19684,5.3954973,cake
8.789794,-21.960743,moji
0.99276334,10.382243,theatr
-27.083467,27.262337,lei
20.72084,-29.316828,applausestor
-22.242594,-3.7262044,provinc
-18.860643,-17.67425,retriev
16.671595,0.17424071,sound
47.143066,3.0882726,pizza
6.593993,14.168259,randi
-16.046045,18.168402,imag
-21.841976,23.21371,cappuccino
-13.241036,-33.35101,cancer
63.774834,-5.856751,orang
-33.596268,-13.385747,ive
-6.3246164,-0.69888383,paperwork
-2.193288,42.106785,nottingham
-17.116661,-34.278934,eckankar
29.80765,5.425238,almost
52.23822,-9.194877,suspend
-6.349022,-3.057688,guy
2.823496,3.8038743,no
6.2095246,50.28284,improv
24.590849,-9.475283,manchest
3.5718317,-50.854847,cop
-46.89794,11.906028,deep
8.662505,-1.7197273,care
16.531525,8.610595,bday
56.833984,-6.40278,argu
-1.6804533,21.905682,campu
3.5897436,-18.36775,kidz
18.341461,18.49724,femal
-15.418184,-8.274643,brah
-41.62279,-2.1888092,somewhat
-55.607132,-6.370311,ten
-10.728363,9.83046,begin
-8.71337,-29.257607,bugi
-6.6595464,18.943428,borderlin
11.571378,27.58147,yahoo
37.314182,-14.379549,redeem
-9.214069,-19.446527,thi
-16.244865,5.212413,tone
-21.214886,4.992555,rem
15.049122,-14.839996,sugabab
53.311802,-4.3437605,muchxxlov
-3.9174964,-13.041269,yest
30.343094,6.0695953,hous
1.3564438,8.639768,restrict
16.543655,11.123257,famou
-21.710129,17.326519,dontcha
-1.9285432,16.119844,tyron
-6.8928847,-39.678467,mk
-8.879652,34.832897,hockey
14.303675,-12.799438,broke
-1.489848,-3.4680064,mth
20.893467,-2.2114875,chanc
21.168764,2.9955437,gist
10.39009,5.3826575,vatian
-27.868427,-24.5794,high
-38.952164,-36.037487,hlp
-8.794865,25.35762,slp
24.424532,-18.90654,srsli
-12.036784,-4.8263154,prayr
-0.93613005,18.65003,stay
-5.5541453,-18.954077,mega
58.055054,0.352582,webeburnin
50.484955,-10.82116,asjesu
10.307101,-26.439314,christma
-7.85914,-0.933536,current
18.033426,-36.026203,specifi
70.40136,-4.4597855,cooki
10.017521,37.50776,smart
16.680079,-26.939758,whatev
7.248273,9.2712965,govern
55.20827,-8.691074,essexcm
-2.4716296,-8.782823,tkt
-28.860943,-7.320826,beerag
-8.406227,21.048098,muz
32.474953,-6.6854563,someplac
0.5750854,2.6217742,properti
-19.947187,-3.1524434,nokia
33.298237,-6.595681,card
-13.211098,-35.228397,yam
-9.38808,22.568193,old
37.72956,10.150023,bahama
-33.892467,-2.457698,nah
19.970901,-20.622171,beehoon
71.585884,-4.120395,futur
-48.295563,19.272703,sweetheart
26.966406,14.113699,tm
30.929123,-6.819116,daytim
-22.161322,6.0196247,blood
35.919945,36.041664,ammo
5.6719475,-7.254049,derek
-11.493596,-39.496487,yupz
-1.1894966,-25.737682,caught
-54.912533,-7.7756395,theme
-5.5980196,6.8714576,il
13.55438,26.527458,male
-15.846276,-6.3996224,yet
60.10676,-0.9880834,excel
-17.468319,-11.371999,touch
-8.258722,-33.071056,prix
-27.469389,-35.820522,cafe
19.330435,34.37084,invest
-26.585835,19.332882,ansr
-10.113388,-10.211359,ltdhelpdesk
49.362556,-4.044302,saturday
-43.43015,1.428639,jy
-14.005951,-28.101707,that
37.94442,21.596006,moral
19.88667,18.463465,worth
32.034386,-18.387592,ta
32.143024,23.57411,chatter
-21.804762,-21.423773,game
-16.054192,-23.665318,sim
-31.584488,17.777084,wellda
1.4529036,-37.19218,mountain
8.373032,15.645419,accommodationvouch
-35.990097,-15.868141,ami
-7.622037,0.3913899,minmoremobsemspobox
66.66136,-1.4460824,fastest
-10.901575,-24.101154,larg
-7.733222,-8.598585,stopbcm
9.086795,30.082167,camera
-3.509423,-3.8557827,behalf
42.504,12.432407,slowli
17.456993,-18.714193,jeremiah
-3.6979954,17.960842,filthyguy
8.084296,7.554039,gossip
-8.556106,7.710267,qu
1.6853907,-20.250017,pisc
21.829443,23.335854,biggest
-47.91054,-4.7387505,stop
-35.662308,-11.901279,yeh
71.17691,-4.9469447,amor
-32.781357,-22.061977,rcvd
55.35141,-11.015486,ree
-48.07126,-15.438452,frog
-20.478495,-15.28884,time
17.610043,13.59741,knw
-43.541805,-15.77717,kano
50.545685,-1.7836372,thru
0.3387415,-14.426399,customersqueri
-1.9116584,24.3912,grace
-63.263077,-7.0596704,liao
5.6951365,-0.9740311,gopalettan
-26.871758,-30.666609,inch
28.835249,23.70837,result
-28.349693,-10.860664,msn
-23.45468,-22.485384,frnd
41.606293,-22.23063,libertin
11.150218,-6.3497057,price
-11.417575,-14.178027,cnl
-18.240383,22.046396,ahhhh
-62.580017,1.6391187,truck
3.9341068,-14.452924,voucher
38.918777,-1.694845,soup
-17.175848,35.196945,hundr
7.3737044,23.246115,low
36.783844,7.8648562,bslvyl
-17.125837,-15.823043,fireplac
-8.640647,-18.548534,okmail
-7.2592688,1.6559414,cock
60.24372,-5.4338865,congrat
-10.595984,46.41763,kiefer
57.662262,-4.4446177,danger
-33.668888,12.998508,com
-11.441832,6.743593,rp
56.217686,-15.02597,chachi
-33.224438,10.129016,movietrivia
-18.111532,-18.974007,dp
37.626183,2.7764332,shoe
14.367407,-16.710308,unconvinc
-18.790716,-21.958666,smarter
9.677053,32.851353,europ
-4.9477606,12.498395,hav
-32.12892,-29.720898,anybodi
-19.601768,23.348213,howda
-12.97792,-20.939734,burgundi
13.134677,-41.850098,hand
13.702049,15.970058,report
30.504696,2.317739,stream
13.883904,1.1067289,quick
9.653246,-16.518286,sch
28.830765,41.93836,darren
-22.300701,-16.617222,brought
-1.470439,-3.535393,ese
16.604073,11.347891,chase
-27.034874,32.581596,vomitin
-51.97141,1.0387555,ecstaci
-41.919495,12.038237,annonc
19.841331,8.693405,dept
16.066206,4.8939157,lili
-24.75115,-16.786737,teeth
-9.314335,-21.29879,fraction
58.562035,-3.058602,reward
23.31455,-35.949272,dat
14.020844,33.75626,laptop
33.491848,22.491972,much
-0.42540976,21.519815,eir
-28.79944,33.99665,tire
29.04525,-10.847371,explicit
16.663616,-25.153694,huh
-6.8437676,3.7477627,put
53.02515,0.9065158,prey
6.147881,4.645588,greet
1.7081324,49.928123,thasa
11.289763,-4.948774,u
25.53809,3.0181408,independ
-46.019047,-1.398164,mini
-4.6005793,-21.489002,celebr
15.025454,22.167732,requir
-18.756802,7.642216,provid
-53.425358,-4.9455457,health
15.075141,22.421282,nigpun
24.026005,-6.021718,go
-26.454407,-27.343914,marri
-58.007454,-5.284252,lar
2.8591874,15.503095,rumbl
-5.5123897,15.686924,sang
-6.499132,-27.057817,forward
5.0594506,-16.659838,subscrib
9.785824,19.964716,cure
-57.650238,2.2308903,type
8.903789,29.756186,teacher
6.4588313,-3.666845,nikiyu
10.404809,-10.054836,mustprovid
-5.4652267,28.227966,teas
-32.71589,-3.3283005,reciev
-4.4846315,-20.55869,heron
0.82381,-30.60473,earn
-8.136944,-11.988319,weight
-11.228888,-1.9369268,scalli
38.80999,17.506472,away
-48.143253,-9.867679,luv
6.1325097,-26.687855,potter
2.59504,5.404138,ask
-26.657862,-28.778362,unmit
28.563885,-7.6652822,wreck
-25.810328,-21.789824,te
-21.25578,29.33915,stick
-3.8847604,-9.8344965,sick
-42.116543,8.887954,someon
13.464428,14.137409,tot
19.429008,22.996016,impress
-28.893642,-16.698645,picsfre
-67.892685,-2.605707,madok
49.193794,-6.52639,mp
-28.999601,-32.733006,dinosaur
-25.476854,25.860327,l
-50.086662,-6.589615,babe
-24.284883,-33.186638,marsm
-24.308384,37.270977,bevi
-16.88602,-34.507423,subscrit
40.427586,7.2100415,homeown
35.62118,-0.78211313,santa
-40.201195,21.254827,wap
-31.400852,9.729901,term
2.7248309,32.181343,limp
-7.3202934,5.7411633,classic
-12.973005,-28.779053,gsex
-0.039460532,18.464005,swt
6.4722857,-3.6816802,dob
5.7836523,17.341646,confus
43.22866,-13.216446,math
38.20985,-6.381998,meetin
45.24404,-0.47409064,xxxxxxxxx
-13.187206,-13.6521635,mitsak
11.623163,9.5926485,unredeem
-3.3304467,-11.855614,recoveri
58.10523,0.5509161,jay
22.831636,46.246098,folk
22.886835,-8.839632,alon
-56.654655,-6.3379273,screen
-7.3067594,-10.654355,arriv
-19.498,16.04288,wahleykkum
2.5340466,11.213323,fish
-53.452553,-16.103357,pc
29.158659,-9.456007,dare
59.101933,-7.6856084,schedul
-5.6582093,-39.460445,option
14.011505,2.7879243,updat
-32.829117,-1.3540363,facil
-38.94886,-36.03377,next
-2.4072168,-47.53615,rudi
10.868478,28.839922,thank
-28.004313,-1.0649283,children
4.8010626,-24.409317,skip
-14.064699,20.141638,macho
-13.290322,4.1409106,chg
-3.1087933,7.192979,maangalyam
13.23451,-21.563675,classmat
-20.001602,-13.645114,lttr
22.137392,-6.1016035,fm
-35.465847,-28.214834,samachara
28.305847,-7.85253,liverpool
8.020184,-3.566079,readi
-15.095238,-24.74468,spree
-1.661731,47.211243,respons
7.4016213,16.348595,winaweek
-7.295704,-10.780998,remot
20.270449,-7.7255707,shut
34.27407,11.354812,sux
7.5315022,-36.178596,gud
-18.471924,-0.2974634,salam
23.08276,-18.011385,pt
18.39497,18.561337,across
-13.196854,-37.484657,offic
-43.53363,22.077274,green
11.885651,16.540447,natur
-3.7964313,-10.115717,spent
-18.825186,11.6236105,awesom
-19.072912,15.356126,permiss
17.901882,8.196527,llc
-19.45889,14.2901535,rememb
-51.83147,-2.3172321,ari
62.834423,-3.654627,pray
2.366083,-33.744656,cross
-43.539303,-25.803143,alaipayuth
-54.21209,-1.896233,admin
5.752926,-38.15341,boytoy
-13.8654,-41.699463,ryder
10.749833,6.627567,fifteen
-20.017445,28.065962,victoria
-25.434664,1.1652255,vouch
16.804308,-48.37909,mrng
-55.02387,-5.234867,txtstop
28.46835,-3.6440947,last
-47.608177,-1.4095621,outdoor
30.54578,-13.633584,easili
-7.1544733,23.353798,calcul
61.859455,2.0177896,holi
52.01561,8.692393,randomli
-19.845776,8.3147,planet
39.787243,33.468704,callin
26.308393,-12.628853,mfl
-26.294928,-14.499721,bergkamp
-55.27472,-15.156156,sweetest
-13.236732,-20.912865,discreet
5.9520063,13.933193,callback
-0.7760608,11.866124,rang
-5.6555142,-26.841879,letter
-16.286251,-22.695242,tulip
-0.5992452,-9.119618,ba
16.284355,25.979513,difficult
-27.2441,-13.813577,financi
-9.233316,48.828815,moon
1.0602683,-16.021954,tuesday
28.895105,-5.2860646,white
44.713913,-3.4925258,ttyl
-7.5501895,0.21401541,thirtyeight
43.12652,-9.384773,intellig
18.148344,-24.44641,refund
-13.733127,1.6410528,gift
34.026207,-7.7442183,sex
-10.994688,1.7682596,urgent
-51.591602,-8.919711,lennon
-0.90196437,-5.432358,ton
-3.4564192,-8.874581,roommat
7.1604652,34.437904,zf
22.23088,-19.459362,final
17.2459,6.423426,matthew
-17.838425,-7.9335184,toxic
24.311285,20.390093,smartphon
22.347187,7.961974,hate
-4.500444,-16.842117,offer
39.072468,15.985726,bootydeli
22.725533,-9.365363,disast
-22.99908,45.86263,organ
-14.300408,-47.092564,competit
9.567681,13.580267,cab
23.9403,-21.060534,csh
-8.8427105,-7.7925377,push
14.554188,-7.4911704,laugh
-28.62991,-9.324859,cw
-19.231087,37.472637,thanx
-0.40505728,15.321082,class
62.069855,-11.014411,textbuddi
-31.423372,31.341002,ago
16.388369,7.572624,exmpel
-15.880944,-9.428864,smth
-36.544712,10.770079,fr
25.961824,-1.9298434,infern
-7.957772,-51.135838,shudvetold
47.6946,-10.214514,red
70.52166,-3.8570683,temper
-1.7541922,26.825073,olav
-55.286118,-1.946853,fed
56.06567,3.7501593,reach
-10.967252,-27.556837,noth
-30.434132,18.160545,lamp
25.449743,-4.615334,morro
50.958927,-13.66831,per
-1.1969905,-33.346363,sptv
-17.447468,14.520382,weapon
15.437929,-14.046608,aom
14.46418,17.027872,eachoth
-8.955842,11.714484,c
-21.661774,-1.9696857,blow
8.995664,-25.181692,throat
16.607656,9.0741,appoint
57.18995,-5.133383,rcd
37.206875,-4.873655,workout
-4.418062,13.916549,dvd
-15.307016,-19.509108,without
10.461889,1.3107557,plz
7.9869637,-48.908062,hol
11.117273,13.997906,silent
-16.968506,6.16871,firmwar
-51.610302,-8.93686,friday
8.947766,22.24873,plate
22.6069,3.7796628,awak
-54.068707,0.10247637,univers
-11.095461,9.881333,forgot
-28.761644,-5.1983013,cuddl
0.96906227,-22.862312,amigo
5.443608,47.45944,birthday
17.487452,-24.756426,shag
-21.838217,-19.42674,sup
-27.349535,-33.013912,whenev
-10.961707,-5.243689,netcollex
47.207848,-1.5262549,torch
-15.781374,6.3545194,teletext
50.796993,-14.463352,relat
-16.345785,-24.62139,back
0.28619415,-5.668528,soundtrack
9.242319,26.15184,sweepstak
-47.419945,6.361786,bar
-1.8059208,0.05716342,sterl
-18.610935,33.450947,datebox
6.9757237,43.301067,kickbox
9.778043,-14.064294,somon
-13.541825,-16.587803,die
-34.64414,19.853136,mobi
-9.282186,-24.993124,howev
1.1912633,-40.664726,afternoon
29.008457,-30.104189,ill
-16.24951,-19.259134,notifi
49.610878,-0.58401114,replac
25.997498,43.462563,anyway
-2.7674546,-22.496328,wish
12.913344,-14.647769,use
-2.6290612,-21.67549,speechless
63.641422,-9.557075,actual
20.348783,-25.214878,ayn
8.920081,-8.055175,moan
-35.555164,-13.10505,anoth
14.953908,9.24439,artist
-2.5640388,-15.99166,mat
9.5732765,13.471155,silenc
-18.781988,-1.9155962,mobno
43.466686,10.914973,cardiff
-26.63513,-25.578,gpu
-37.74815,14.997243,keep
24.735172,-13.854471,vri
-21.379608,7.830143,shracomorsglsuplt
-6.604126,-8.795073,earli
-40.662766,-26.141142,creat
-8.333827,-33.92698,juliana
13.291514,-17.399271,major
19.993195,29.232004,claim
13.467317,24.378262,suntec
19.294315,-14.8774395,tuition
-2.7087164,7.1099515,dedic
41.47586,5.5605073,beauti
71.34784,-3.0370076,princess
-42.874775,2.152904,mu
15.48074,39.76137,hw
-8.018192,28.729834,men
-2.045837,-12.771687,pictur
-20.03584,-33.946453,soo
-38.02408,16.290476,let
15.673328,-25.240885,telephon
-21.681599,17.331657,definitli
-37.360126,-0.8654573,compromis
-2.8618114,7.1806746,curfew
-3.6529505,39.43799,shijutta
-0.30787405,-2.6796453,dramat
-14.706072,-0.4330618,bank
11.188789,-6.3817997,co
-8.951483,-18.139809,huge
14.5345955,-15.211447,xh
-4.655986,22.492231,maxim
-18.413809,-22.80639,yep
-9.921658,9.287968,premier
-21.348461,7.466515,newslett
55.859848,-7.1301885,onam
18.793127,27.846321,skill
-22.204445,-38.657944,bold
40.93109,0.69254255,yourinclus
20.169682,1.3537651,fret
54.25198,0.6943216,six
-39.053394,-11.101723,ktv
55.94538,-5.7003446,aight
8.205701,-19.32059,outstand
2.2317207,14.561373,normal
66.43491,-3.9581733,ga
-21.906412,-13.874824,mobypobox
20.83457,16.168242,souveni
-6.2618275,-32.16071,fund
15.121646,24.385487,fool
-11.15456,3.9517088,imma
-43.211105,-1.0494282,browser
-12.543302,28.412046,js
-19.02019,43.72114,sori
19.653307,-17.940935,secretli
27.320831,-13.357277,collect
15.943556,33.892426,truli
-17.614285,9.931735,fav
-0.26154298,18.590364,faith
-3.503089,9.988644,java
-12.922001,-39.202827,midnight
4.219457,6.1448436,mornin
24.39768,-7.4245386,skype
-2.5443196,-27.724907,sway
-27.485523,29.546032,olymp
-7.554887,37.835262,vote
43.479687,-2.1373582,borin
-52.95405,-13.46072,winnersclub
1.5827904,-15.16075,stun
-53.616978,-3.0825167,call
12.67112,0.025300153,arrow
-59.942944,1.4044759,simonwatson
4.349397,44.39964,threat
2.2133646,-17.977913,cannam
6.6491847,2.352656,area
-19.214209,-23.746098,mask
3.9115376,15.770874,pap
35.345146,39.153652,msgrcvdhg
5.7306294,12.051978,hey
-7.5867167,29.881628,work
36.778633,-0.64934164,shortbreak
10.879471,12.105734,resum
-15.238896,-36.053535,pin
16.190996,-5.7920637,w
-41.72513,-5.51203,aust
-22.175661,-14.233528,understand
33.627346,8.245826,wife
13.134858,-23.72823,plenti
-12.957225,12.702859,ultimatum
-0.29896888,-13.0539465,fyi
-12.331508,-13.033728,neighbor
-50.874123,-4.8147078,magic
-46.674976,-24.071821,prob
20.437803,32.000698,unintent
0.685239,-25.544699,pdate
-5.223843,-7.0952616,nake
-0.48643494,16.491386,advisori
-5.3091764,30.088799,algarv
50.252285,5.4870753,closingd
-11.403673,-36.414967,jumper
10.493867,-45.508785,ab
-23.583193,1.5070887,singl
0.9528184,5.9324965,sentenc
-4.4862194,6.9127407,picnic
-0.77149636,1.7204459,lotteri
-15.325555,20.422606,titl
-20.055838,-18.255192,lord
-7.2425466,33.881985,saristar
29.972944,-8.585073,flea
18.674862,-0.08360261,bbc
-32.20407,40.523018,apr
-43.522346,2.3318202,ignor
16.602571,6.615578,win
-24.563568,-33.615437,realiz
2.136418,-11.273514,visionsm
-32.557724,-16.211004,cm
10.991422,-15.615289,job
2.6011915,21.603783,pig
56.86081,-5.039136,home
36.508484,4.893811,dinner
-27.653406,12.689009,shesil
7.560396,4.0100646,yuo
12.209827,11.891782,road
-42.007042,-11.1299305,www
6.0048304,-8.624624,market
-23.812876,22.533182,remov
-4.926771,23.826422,erot
-32.33108,-21.8312,purpos
-12.280095,-19.373547,gonnamissu
-41.50708,4.403098,horniest
-1.0844619,-12.037025,info
-47.000187,-20.99753,account
-13.338784,39.328785,aproach
50.714,-7.9688087,coffe
31.676064,12.10087,semest
16.125576,-12.920664,especi
16.776312,0.11111778,sourc
-33.339935,-32.374832,ppmx
53.38604,-7.094218,drm
-45.027138,-3.3158705,cs
-24.118698,-36.832825,street
13.289871,-11.947782,sunshin
-32.40245,35.440067,colleg
13.603475,18.205738,oh
18.037195,29.190868,rest
17.10434,-24.99622,un
-47.262703,-8.761564,yard
10.439126,-5.5545697,object
-56.26799,-10.94014,buzi
63.79638,-5.6242065,membership
-21.275318,-17.598866,wood
67.32526,-7.1866813,ppmmobilesvari
51.295288,-10.753478,came
1.675556,2.375914,nusstu
5.4416165,-7.2963667,shout
34.037388,3.7250319,end
-26.188421,-8.671474,lolnic
-5.2363696,23.694033,expressoff
-41.017033,-15.7977295,pushbutton
42.685368,-0.9487925,symbol
13.340853,-13.859388,amrca
9.881121,-1.725861,bear
-3.4364142,35.24403,scream
30.678997,16.854528,compliment
21.913315,-38.229538,togeth
-36.075268,-15.96775,neway
66.796974,-7.9318185,stupid
-13.250733,25.909792,search
-26.008472,-21.627085,snack
-12.627706,-9.80198,bitch
-12.582057,11.182931,copi
56.02923,-5.9268627,amanda
3.3470063,-34.86473,dirti
-38.93019,4.9779115,hostel
28.64605,21.198437,name
-4.869192,-1.1960281,presenc
10.182048,18.520908,aiyar
-33.464497,1.1930234,reappli
-17.881336,41.18678,messi
10.746237,23.08669,tata
-29.125414,28.375132,peni
-0.71074986,-29.719097,garden
20.714819,-9.411203,mate
25.056295,-22.65917,horo
20.225275,11.880768,wp
-2.6249712,13.806984,propsd
2.6139657,21.452204,remind
-12.64843,27.422215,navig
-27.12196,37.968548,comin
30.329914,6.112343,gone
-48.26064,4.5398955,least
-6.522142,6.0942144,workspac
-3.6921902,-3.4617674,tightli
1.6112452,34.74769,dawn
-21.787136,-38.428032,tgxxrz
26.96405,-0.967297,handset
14.048117,-3.6445858,giveaway
-9.650247,-16.154213,lotta
-15.851583,-28.175423,featur
22.59216,9.224743,fresh
48.273865,6.855408,wml
12.040227,17.885073,among
17.8272,-22.965466,jx
7.3163,45.22882,billion
-2.8584669,28.317091,telediscount
1.1933025,14.368184,festiv
2.7746885,-13.147237,cruis
-61.021423,-2.351888,wen
18.75015,32.682613,quit
-13.544883,-6.665082,n
23.357067,-24.89842,book
20.006773,-16.771662,batsman
-12.523857,45.62642,sunroof
-18.941145,-4.3367653,career
29.927153,-34.653767,bro
61.501476,-8.131485,main
-6.722557,11.417015,wyli
-57.790596,-6.035342,ow
42.304985,25.942616,hot
53.72859,-10.749566,crack
5.2718134,16.25684,anonym
33.683617,-30.151676,bat
4.283333,24.926058,monoc
17.922743,28.993307,polic
17.228348,-3.6449704,munster
8.086667,0.9475319,flag
24.899172,-0.0010477462,cream
-14.769994,2.1509922,machan
12.426497,37.15608,bristol
-48.80671,19.458546,alwi
6.6169515,-34.0963,cheer
-10.036839,3.7800977,tddnewslett
-17.245337,30.59915,dollar
18.915981,22.452671,chatlin
7.1187854,26.239534,nte
-3.5171115,-24.99554,studentfinanci
5.618696,18.787872,evri
16.089554,16.467918,teenag
-14.104257,11.088737,slap
3.6996572,-34.27966,leftov
-17.888725,35.698883,cook
-1.590983,4.909572,pw
-15.456732,18.868643,art
-5.3174734,30.0381,talent
-11.976525,14.097402,avbl
31.76824,-40.994873,far
0.97512245,-3.2133312,wicklow
-30.617975,4.511103,tonight
14.825602,-19.645594,ou
-0.48406887,6.7385893,top
-11.337609,12.037223,love
-53.44398,3.3597457,carryin
-16.453167,-8.859697,alto
-11.751322,8.58008,mandara
16.503855,5.0196652,applianc
-36.277195,15.062197,bad
3.2128797,-29.911005,brows
4.3173947,-27.952448,approv
6.124208,12.651152,immedi
-14.488423,-27.771368,oil
-3.7207427,2.0082376,sorri
2.4029982,-0.9178807,toilet
22.950642,6.591115,giggl
-47.51021,-27.196262,pretti
-8.760632,0.58502036,polici
-26.142332,-7.2753806,stolen
-6.549059,16.290071,merri
-20.081253,-12.252059,inform
-35.359375,-23.078924,tablet
-3.0239928,33.103714,gentl
16.49574,-34.782978,length
23.597166,-25.77117,chik
14.396568,17.177397,yaxx
25.643663,19.533722,album
-21.496569,-21.446938,credit
22.004015,-31.604519,biola
-19.351658,-11.035085,custom
10.096195,18.594526,vco
3.4300961,0.7046895,steak
-12.972641,-39.25853,wear
-35.470257,-20.614136,pack
-5.539047,0.36288556,shop
52.63086,-18.09769,mro
-10.39551,26.987244,nvq
-1.2281092,-28.310484,music
37.155483,-17.047958,sw
-29.470114,37.23169,oredi
-9.409344,-11.885756,wire
1.0385845,-22.893892,savamob
14.599794,-8.435717,unlimit
-62.982075,-3.1831238,cnn
17.765732,-23.137617,wq
-1.8404624,-4.5043344,coach
-18.595678,-4.926423,enjoy
10.776293,41.607147,rodd
-27.590563,-12.110125,ever
-16.761723,3.8039489,virgil
0.7192158,15.219126,trial
-12.291493,17.006908,compulsori
-28.649792,10.945917,lone
37.850246,30.234234,resent
-31.786564,-11.102909,fault
23.097973,-18.049465,liter
-36.89486,23.813356,million
-36.656223,3.3320997,dictionari
1.3750556,20.936333,mark
14.058755,2.331405,choos
-32.684322,9.724547,review
-14.041656,-9.680341,temporarili
-19.433027,37.646164,product
28.621786,-9.531402,disturb
10.757933,19.231236,hide
-20.51274,-4.087125,john
17.105284,-5.275934,condit
54.66208,-2.9332454,goodo
-13.458152,8.206857,note
-18.22521,-13.082719,stereophon
-3.9275725,10.231168,smsco
-12.138442,8.964266,talkin
2.627035,-11.503735,tool
-0.5121816,-0.8847127,eighth
-18.53657,18.973454,mysteri
-23.10866,-47.832287,phone
51.16342,-10.406505,congratul
10.800655,-33.00547,avoid
-15.814781,21.079132,full
13.918892,-12.670821,help
61.100048,-0.5518268,vipclub
-18.699072,-24.303179,yeah
3.5214522,-15.921123,splle
-26.221458,-23.711613,lastest
57.603355,-2.3240192,countin
24.030722,-2.1376488,potenti
-17.69592,-33.787903,second
-25.911686,-19.680372,disconnect
-14.654041,-7.3314714,tiwari
6.253091,-26.482145,gautham
-19.391407,-9.443556,deliveredtomorrow
-20.583096,16.370964,henri
-21.78094,3.3955276,walmart
15.613802,-8.241109,lanr
-2.5461466,31.13458,bob
41.90001,4.6112623,highest
20.724846,17.796787,add
-10.635088,-45.037983,gm
-4.912226,41.35982,open
16.854212,11.843008,poboxox
15.491052,-11.1152,freemsg
-2.0826151,-2.59134,wot
-5.1480117,19.033854,develop
17.7766,8.519836,fine
-11.356318,-17.706984,team
-25.530535,25.814058,loyal
-49.046833,-0.048557535,quiz
53.743313,-1.376769,dearli
-14.316557,-47.08425,subscriptn
43.932156,15.980611,strong
22.52294,18.54325,iphon
5.0582175,-16.37274,sell
27.656202,-20.998476,mine
17.208384,-14.493453,verifi
-10.117206,-10.22051,decis
41.97749,29.813648,goto
-4.5288725,-52.219166,la
-4.259502,-8.677529,sullivan
-3.5753589,-13.07615,unit
-16.589037,-14.371444,helloooo
-27.36209,22.305141,slipperi
-7.185993,7.0765967,made
-1.2511952,8.859451,pmmorefrommobil
-16.58604,-7.076514,spontan
27.622032,0.65094507,xxxmobilemovieclub
-32.575367,-4.1589236,wif
3.912037,-1.9307246,prize
23.624975,28.302402,cancel
9.9281645,32.748585,lnli
-27.394949,23.411362,murder
20.854387,42.78226,mandan
24.296452,23.505537,along
-8.281824,19.029799,taco
-11.073691,-16.95825,lose
-4.61892,-2.7429907,valu
-13.557706,-4.691563,door
-58.254665,-4.2338767,nr
-6.3196783,18.201101,gamestar
-23.004591,45.862854,coupl
3.418937,0.69461995,town
-31.202068,31.357676,langport
22.715664,14.12308,tear
11.007627,2.771964,disc
27.393023,19.798172,grandfath
-10.852917,26.053955,live
33.103985,-25.033234,alway
-0.583177,22.005743,tyler
42.400017,0.07568463,rct
-18.658895,-10.561298,accid
-30.391941,-14.319112,eva
-18.195522,17.54042,hard
-5.430025,-4.700639,notif
-6.048825,48.29776,wednesday
18.90603,26.283062,research
-26.523314,-2.0926285,twilight
-24.308983,-1.6125941,colour
10.532529,-12.267645,movi
38.98774,-8.754396,consult
24.79762,-40.154102,fink
8.949993,18.769348,thnx
-12.160897,-5.74416,california
-17.412376,-16.394167,sun
-27.04911,-15.721565,trade
-20.389706,-3.7566383,havent
30.61549,5.9736867,xavier
-33.37759,-14.16239,england
-10.589278,-15.72212,cro
-22.290874,41.182587,webadr
-28.758543,19.19141,outbid
-7.8456917,-8.842652,cashbin
-25.398909,-4.3797426,carolin
-11.023466,-4.808424,html
-21.382454,7.7426853,gold
-25.825344,-27.119495,luxuri
-3.8868976,18.090977,qet
-19.025673,11.808957,pp
-48.38257,-11.847597,dr
-8.118313,-25.897806,dirtiest
-13.147425,-2.697944,goal
24.36202,2.2268176,swing
-13.249724,-22.772287,birth
52.663906,-12.660289,lost
-24.048891,-43.50762,freefon
-2.2274191,-50.840073,na
-3.8101916,14.275974,fone
-18.886847,-15.392026,shuhui
37.249638,23.279537,ok
10.769859,25.016712,nite
1.3455822,-8.724698,expir
-19.779182,1.9776835,better
35.084583,4.8439865,earlier
-16.273472,-19.342823,meaning
22.493591,5.283203,getz
32.155598,-4.396884,idiot
22.432629,-3.604027,gram
21.594898,-0.8347505,peac
-2.166615,16.847834,meat
-13.814439,30.194914,accordingli
40.454655,-19.593586,foreign
23.902918,24.59918,deal
30.00129,9.2606125,inclu
-16.301453,21.455402,mymobi
-60.674465,-3.676984,tc
3.410582,21.038233,hungri
-31.531166,-38.395554,mean
-41.123974,-4.9447727,etc
-43.708447,-9.186124,scotsman
-14.886557,0.3002959,unabl
67.013824,-7.2278595,leadership
52.99775,-3.1993663,advic
2.1827307,6.683695,adult
-61.690113,-3.4958715,sankranti
11.783276,21.493797,xxxxxx
-9.1625595,28.277502,realis
17.259186,-2.4691992,athom
31.336773,12.186028,novemb
28.810724,-29.365292,fight
-4.4600005,31.446991,volcano
